 x ,            1  ,            2  ,            3  ,            4  ,            5  ,            6  ,            7  ,            8  ,            9  ,           10  ,           11  ,           12  ,           13  ,           14  ,           15  ,           16  ,           17  ,           18  , 
   1.0000000000000000       ,    1.7823601725804022E-010  ,    1.7823601725804022E-010  ,    1.7823601725804022E-010  ,    1.7823601725804022E-010  ,    1.7823601725804022E-010  ,    1.7823601725804022E-010  ,    8.7038288422507795E-010  ,    8.7038288422507795E-010  ,    8.7038288422507795E-010  ,    8.7038288422507795E-010  ,    8.7038288422507795E-010  ,    8.7038288422507795E-010  ,    7.7447918792879317E-013  ,    7.7447918792879317E-013  ,    7.7447918792879317E-013  ,    7.7447918792879317E-013  ,    7.7447918792879317E-013  ,    7.7447918792879317E-013  , 
   1.9900000000000000       ,    4.3006998068444511E-011  ,    4.3006998068444511E-011  ,    4.3006998068444511E-011  ,    4.3006998068444511E-011  ,    4.3006998068444511E-011  ,    4.3006998068444511E-011  ,    7.4778938151121016E-010  ,    7.4778938151121016E-010  ,    7.4778938151121016E-010  ,    7.4778938151121016E-010  ,    7.4778938151121016E-010  ,    7.4778938151121016E-010  ,    2.2876671176309240E-013  ,    2.2876671176309240E-013  ,    2.2876671176309240E-013  ,    2.2876671176309240E-013  ,    2.2876671176309240E-013  ,    2.2876671176309240E-013  , 
   2.9800000000000000       ,    2.2747571385792258E-011  ,    2.2747571385792258E-011  ,    2.2747571385792258E-011  ,    2.2747571385792258E-011  ,    2.2747571385792258E-011  ,    2.2747571385792258E-011  ,    7.3838594158750350E-010  ,    7.3838594158750350E-010  ,    7.3838594158750350E-010  ,    7.3838594158750350E-010  ,    7.3838594158750350E-010  ,    7.3838594158750350E-010  ,    1.9129794835570225E-013  ,    1.9129794835570225E-013  ,    1.9129794835570225E-013  ,    1.9129794835570225E-013  ,    1.9129794835570225E-013  ,    1.9129794835570225E-013  , 
   3.9700000000000002       ,    1.6419678754856084E-011  ,    1.6419678754856084E-011  ,    1.6419678754856084E-011  ,    1.6419678754856084E-011  ,    1.6419678754856084E-011  ,    1.6419678754856084E-011  ,    7.4703027275141884E-010  ,    7.4703027275141884E-010  ,    7.4703027275141884E-010  ,    7.4703027275141884E-010  ,    7.4703027275141884E-010  ,    7.4703027275141884E-010  ,    1.9268697788099917E-013  ,    1.9268697788099917E-013  ,    1.9268697788099917E-013  ,    1.9268697788099917E-013  ,    1.9268697788099917E-013  ,    1.9268697788099917E-013  , 
   4.9600000000000000       ,    1.3674707672533823E-011  ,    1.3674707672533823E-011  ,    1.3674707672533823E-011  ,    1.3674707672533823E-011  ,    1.3674707672533823E-011  ,    1.3674707672533823E-011  ,    7.5845664866850190E-010  ,    7.5845664866850190E-010  ,    7.5845664866850190E-010  ,    7.5845664866850190E-010  ,    7.5845664866850190E-010  ,    7.5845664866850190E-010  ,    1.9865313915252666E-013  ,    1.9865313915252666E-013  ,    1.9865313915252666E-013  ,    1.9865313915252666E-013  ,    1.9865313915252666E-013  ,    1.9865313915252666E-013  , 
   5.9500000000000002       ,    1.2233861318062056E-011  ,    1.2233861318062056E-011  ,    1.2233861318062056E-011  ,    1.2233861318062056E-011  ,    1.2233861318062056E-011  ,    1.2233861318062056E-011  ,    7.6930109064058171E-010  ,    7.6930109064058171E-010  ,    7.6930109064058171E-010  ,    7.6930109064058171E-010  ,    7.6930109064058171E-010  ,    7.6930109064058171E-010  ,    2.0448085442589481E-013  ,    2.0448085442589481E-013  ,    2.0448085442589481E-013  ,    2.0448085442589481E-013  ,    2.0448085442589481E-013  ,    2.0448085442589481E-013  , 
   6.9400000000000004       ,    1.1378377233885012E-011  ,    1.1378377233885012E-011  ,    1.1378377233885012E-011  ,    1.1378377233885012E-011  ,    1.1378377233885012E-011  ,    1.1378377233885012E-011  ,    7.7886602284840778E-010  ,    7.7886602284840778E-010  ,    7.7886602284840778E-010  ,    7.7886602284840778E-010  ,    7.7886602284840778E-010  ,    7.7886602284840778E-010  ,    2.0947587791765762E-013  ,    2.0947587791765762E-013  ,    2.0947587791765762E-013  ,    2.0947587791765762E-013  ,    2.0947587791765762E-013  ,    2.0947587791765762E-013  , 
   7.9299999999999997       ,    1.0825076530316545E-011  ,    1.0825076530316545E-011  ,    1.0825076530316545E-011  ,    1.0825076530316545E-011  ,    1.0825076530316545E-011  ,    1.0825076530316545E-011  ,    7.8713808253548524E-010  ,    7.8713808253548524E-010  ,    7.8713808253548524E-010  ,    7.8713808253548524E-010  ,    7.8713808253548524E-010  ,    7.8713808253548524E-010  ,    2.1365599753078763E-013  ,    2.1365599753078763E-013  ,    2.1365599753078763E-013  ,    2.1365599753078763E-013  ,    2.1365599753078763E-013  ,    2.1365599753078763E-013  , 
   8.9199999999999999       ,    1.0444114834395514E-011  ,    1.0444114834395514E-011  ,    1.0444114834395514E-011  ,    1.0444114834395514E-011  ,    1.0444114834395514E-011  ,    1.0444114834395514E-011  ,    7.9427269380071984E-010  ,    7.9427269380071984E-010  ,    7.9427269380071984E-010  ,    7.9427269380071984E-010  ,    7.9427269380071984E-010  ,    7.9427269380071984E-010  ,    2.1715767858179916E-013  ,    2.1715767858179916E-013  ,    2.1715767858179916E-013  ,    2.1715767858179916E-013  ,    2.1715767858179916E-013  ,    2.1715767858179916E-013  , 
   9.9100000000000001       ,    1.0169029441651409E-011  ,    1.0169029441651409E-011  ,    1.0169029441651409E-011  ,    1.0169029441651409E-011  ,    1.0169029441651409E-011  ,    1.0169029441651409E-011  ,    8.0044790801155330E-010  ,    8.0044790801155330E-010  ,    8.0044790801155330E-010  ,    8.0044790801155330E-010  ,    8.0044790801155330E-010  ,    8.0044790801155330E-010  ,    2.2011476024374826E-013  ,    2.2011476024374826E-013  ,    2.2011476024374826E-013  ,    2.2011476024374826E-013  ,    2.2011476024374826E-013  ,    2.2011476024374826E-013  , 
   10.900000000000000       ,    9.9628416138805133E-012  ,    9.9628416138805133E-012  ,    9.9628416138805133E-012  ,    9.9628416138805133E-012  ,    9.9628416138805133E-012  ,    9.9628416138805133E-012  ,    8.0582393882101677E-010  ,    8.0582393882101677E-010  ,    8.0582393882101677E-010  ,    8.0582393882101677E-010  ,    8.0582393882101677E-010  ,    8.0582393882101677E-010  ,    2.2263658973418860E-013  ,    2.2263658973418860E-013  ,    2.2263658973418860E-013  ,    2.2263658973418860E-013  ,    2.2263658973418860E-013  ,    2.2263658973418860E-013  , 
   11.890000000000001       ,    9.8035880383508602E-012  ,    9.8035880383508602E-012  ,    9.8035880383508602E-012  ,    9.8035880383508602E-012  ,    9.8035880383508602E-012  ,    9.8035880383508602E-012  ,    8.1053491233047885E-010  ,    8.1053491233047885E-010  ,    8.1053491233047885E-010  ,    8.1053491233047885E-010  ,    8.1053491233047885E-010  ,    8.1053491233047885E-010  ,    2.2480844352892009E-013  ,    2.2480844352892009E-013  ,    2.2480844352892009E-013  ,    2.2480844352892009E-013  ,    2.2480844352892009E-013  ,    2.2480844352892009E-013  , 
   12.880000000000001       ,    9.6775202860876548E-012  ,    9.6775202860876548E-012  ,    9.6775202860876548E-012  ,    9.6775202860876548E-012  ,    9.6775202860876548E-012  ,    9.6775202860876548E-012  ,    8.1469030383988965E-010  ,    8.1469030383988965E-010  ,    8.1469030383988965E-010  ,    8.1469030383988965E-010  ,    8.1469030383988965E-010  ,    8.1469030383988965E-010  ,    2.2669618803137542E-013  ,    2.2669618803137542E-013  ,    2.2669618803137542E-013  ,    2.2669618803137542E-013  ,    2.2669618803137542E-013  ,    2.2669618803137542E-013  , 
   13.869999999999999       ,    9.5756530112983683E-012  ,    9.5756530112983683E-012  ,    9.5756530112983683E-012  ,    9.5756530112983683E-012  ,    9.5756530112983683E-012  ,    9.5756530112983683E-012  ,    8.1837880599608166E-010  ,    8.1837880599608166E-010  ,    8.1837880599608166E-010  ,    8.1837880599608166E-010  ,    8.1837880599608166E-010  ,    8.1837880599608166E-010  ,    2.2835086913213137E-013  ,    2.2835086913213137E-013  ,    2.2835086913213137E-013  ,    2.2835086913213137E-013  ,    2.2835086913213137E-013  ,    2.2835086913213137E-013  , 
   14.859999999999999       ,    9.4918984300204215E-012  ,    9.4918984300204215E-012  ,    9.4918984300204215E-012  ,    9.4918984300204215E-012  ,    9.4918984300204215E-012  ,    9.4918984300204215E-012  ,    8.2167230696833277E-010  ,    8.2167230696833277E-010  ,    8.2167230696833277E-010  ,    8.2167230696833277E-010  ,    8.2167230696833277E-010  ,    8.2167230696833277E-010  ,    2.2981237788017662E-013  ,    2.2981237788017662E-013  ,    2.2981237788017662E-013  ,    2.2981237788017662E-013  ,    2.2981237788017662E-013  ,    2.2981237788017662E-013  , 
   15.850000000000000       ,    9.4220040699486350E-012  ,    9.4220040699486350E-012  ,    9.4220040699486350E-012  ,    9.4220040699486350E-012  ,    9.4220040699486350E-012  ,    9.4220040699486350E-012  ,    8.2462931695145444E-010  ,    8.2462931695145444E-010  ,    8.2462931695145444E-010  ,    8.2462931695145444E-010  ,    8.2462931695145444E-010  ,    8.2462931695145444E-010  ,    2.3111220464835485E-013  ,    2.3111220464835485E-013  ,    2.3111220464835485E-013  ,    2.3111220464835485E-013  ,    2.3111220464835485E-013  ,    2.3111220464835485E-013  , 
   16.840000000000000       ,    9.3629206326009730E-012  ,    9.3629206326009730E-012  ,    9.3629206326009730E-012  ,    9.3629206326009730E-012  ,    9.3629206326009730E-012  ,    9.3629206326009730E-012  ,    8.2729773871736815E-010  ,    8.2729773871736815E-010  ,    8.2729773871736815E-010  ,    8.2729773871736815E-010  ,    8.2729773871736815E-010  ,    8.2729773871736815E-010  ,    2.3227547053935979E-013  ,    2.3227547053935979E-013  ,    2.3227547053935979E-013  ,    2.3227547053935979E-013  ,    2.3227547053935979E-013  ,    2.3227547053935979E-013  , 
   17.829999999999998       ,    9.3124113324187711E-012  ,    9.3124113324187711E-012  ,    9.3124113324187711E-012  ,    9.3124113324187711E-012  ,    9.3124113324187711E-012  ,    9.3124113324187711E-012  ,    8.2971705119468486E-010  ,    8.2971705119468486E-010  ,    8.2971705119468486E-010  ,    8.2971705119468486E-010  ,    8.2971705119468486E-010  ,    8.2971705119468486E-010  ,    2.3332242258722966E-013  ,    2.3332242258722966E-013  ,    2.3332242258722966E-013  ,    2.3332242258722966E-013  ,    2.3332242258722966E-013  ,    2.3332242258722966E-013  , 
   18.820000000000000       ,    9.2688024427411792E-012  ,    9.2688024427411792E-012  ,    9.2688024427411792E-012  ,    9.2688024427411792E-012  ,    9.2688024427411792E-012  ,    9.2688024427411792E-012  ,    8.3192001416626649E-010  ,    8.3192001416626649E-010  ,    8.3192001416626649E-010  ,    8.3192001416626649E-010  ,    8.3192001416626649E-010  ,    8.3192001416626649E-010  ,    2.3426953984662522E-013  ,    2.3426953984662522E-013  ,    2.3426953984662522E-013  ,    2.3426953984662522E-013  ,    2.3426953984662522E-013  ,    2.3426953984662522E-013  , 
   19.809999999999999       ,    9.2308193887726659E-012  ,    9.2308193887726659E-012  ,    9.2308193887726659E-012  ,    9.2308193887726659E-012  ,    9.2308193887726659E-012  ,    9.2308193887726659E-012  ,    8.3393399687693459E-010  ,    8.3393399687693459E-010  ,    8.3393399687693459E-010  ,    8.3393399687693459E-010  ,    8.3393399687693459E-010  ,    8.3393399687693459E-010  ,    2.3513035838859548E-013  ,    2.3513035838859548E-013  ,    2.3513035838859548E-013  ,    2.3513035838859548E-013  ,    2.3513035838859548E-013  ,    2.3513035838859548E-013  , 
   20.800000000000001       ,    9.1974763011131331E-012  ,    9.1974763011131331E-012  ,    9.1974763011131331E-012  ,    9.1974763011131331E-012  ,    9.1974763011131331E-012  ,    9.1974763011131331E-012  ,    8.3578201599264151E-010  ,    8.3578201599264151E-010  ,    8.3578201599264151E-010  ,    8.3578201599264151E-010  ,    8.3578201599264151E-010  ,    8.3578201599264151E-010  ,    2.3591609255162596E-013  ,    2.3591609255162596E-013  ,    2.3591609255162596E-013  ,    2.3591609255162596E-013  ,    2.3591609255162596E-013  ,    2.3591609255162596E-013  , 
   21.789999999999999       ,    9.1679999078199761E-012  ,    9.1679999078199761E-012  ,    9.1679999078199761E-012  ,    9.1679999078199761E-012  ,    9.1679999078199761E-012  ,    9.1679999078199761E-012  ,    8.3748355018779821E-010  ,    8.3748355018779821E-010  ,    8.3748355018779821E-010  ,    8.3748355018779821E-010  ,    8.3748355018779821E-010  ,    8.3748355018779821E-010  ,    2.3663610746118883E-013  ,    2.3663610746118883E-013  ,    2.3663610746118883E-013  ,    2.3663610746118883E-013  ,    2.3663610746118883E-013  ,    2.3663610746118883E-013  , 
   22.780000000000001       ,    9.1417760284146213E-012  ,    9.1417760284146213E-012  ,    9.1417760284146213E-012  ,    9.1417760284146213E-012  ,    9.1417760284146213E-012  ,    9.1417760284146213E-012  ,    8.3905518307261835E-010  ,    8.3905518307261835E-010  ,    8.3905518307261835E-010  ,    8.3905518307261835E-010  ,    8.3905518307261835E-010  ,    8.3905518307261835E-010  ,    2.3729828201464596E-013  ,    2.3729828201464596E-013  ,    2.3729828201464596E-013  ,    2.3729828201464596E-013  ,    2.3729828201464596E-013  ,    2.3729828201464596E-013  , 
   23.770000000000000       ,    9.1183112742231757E-012  ,    9.1183112742231757E-012  ,    9.1183112742231757E-012  ,    9.1183112742231757E-012  ,    9.1183112742231757E-012  ,    9.1183112742231757E-012  ,    8.4051111380982940E-010  ,    8.4051111380982940E-010  ,    8.4051111380982940E-010  ,    8.4051111380982940E-010  ,    8.4051111380982940E-010  ,    8.4051111380982940E-010  ,    2.3790929042555379E-013  ,    2.3790929042555379E-013  ,    2.3790929042555379E-013  ,    2.3790929042555379E-013  ,    2.3790929042555379E-013  ,    2.3790929042555379E-013  , 
   24.760000000000002       ,    9.0972051834416360E-012  ,    9.0972051834416360E-012  ,    9.0972051834416360E-012  ,    9.0972051834416360E-012  ,    9.0972051834416360E-012  ,    9.0972051834416360E-012  ,    8.4186356527426102E-010  ,    8.4186356527426102E-010  ,    8.4186356527426102E-010  ,    8.4186356527426102E-010  ,    8.4186356527426102E-010  ,    8.4186356527426102E-010  ,    2.3847482262632127E-013  ,    2.3847482262632127E-013  ,    2.3847482262632127E-013  ,    2.3847482262632127E-013  ,    2.3847482262632127E-013  ,    2.3847482262632127E-013  , 
   25.750000000000000       ,    9.0781296458666128E-012  ,    9.0781296458666128E-012  ,    9.0781296458666128E-012  ,    9.0781296458666128E-012  ,    9.0781296458666128E-012  ,    9.0781296458666128E-012  ,    8.4312311243054944E-010  ,    8.4312311243054944E-010  ,    8.4312311243054944E-010  ,    8.4312311243054944E-010  ,    8.4312311243054944E-010  ,    8.4312311243054944E-010  ,    2.3899975832761693E-013  ,    2.3899975832761693E-013  ,    2.3899975832761693E-013  ,    2.3899975832761693E-013  ,    2.3899975832761693E-013  ,    2.3899975832761693E-013  , 
   26.739999999999998       ,    9.0608135038080100E-012  ,    9.0608135038080100E-012  ,    9.0608135038080100E-012  ,    9.0608135038080100E-012  ,    9.0608135038080100E-012  ,    9.0608135038080100E-012  ,    8.4429894820953690E-010  ,    8.4429894820953690E-010  ,    8.4429894820953690E-010  ,    8.4429894820953690E-010  ,    8.4429894820953690E-010  ,    8.4429894820953690E-010  ,    2.3948830562487017E-013  ,    2.3948830562487017E-013  ,    2.3948830562487017E-013  ,    2.3948830562487017E-013  ,    2.3948830562487017E-013  ,    2.3948830562487017E-013  , 
   27.730000000000000       ,    9.0450308835866085E-012  ,    9.0450308835866085E-012  ,    9.0450308835866085E-012  ,    9.0450308835866085E-012  ,    9.0450308835866085E-012  ,    9.0450308835866085E-012  ,    8.4539910011490316E-010  ,    8.4539910011490316E-010  ,    8.4539910011490316E-010  ,    8.4539910011490316E-010  ,    8.4539910011490316E-010  ,    8.4539910011490316E-010  ,    2.3994411224058264E-013  ,    2.3994411224058264E-013  ,    2.3994411224058264E-013  ,    2.3994411224058264E-013  ,    2.3994411224058264E-013  ,    2.3994411224058264E-013  , 
   28.719999999999999       ,    9.0305922527395990E-012  ,    9.0305922527395990E-012  ,    9.0305922527395990E-012  ,    9.0305922527395990E-012  ,    9.0305922527395990E-012  ,    9.0305922527395990E-012  ,    8.4643060774719694E-010  ,    8.4643060774719694E-010  ,    8.4643060774719694E-010  ,    8.4643060774719694E-010  ,    8.4643060774719694E-010  ,    8.4643060774719694E-010  ,    2.4037035546647969E-013  ,    2.4037035546647969E-013  ,    2.4037035546647969E-013  ,    2.4037035546647969E-013  ,    2.4037035546647969E-013  ,    2.4037035546647969E-013  , 
   29.710000000000001       ,    9.0173374939415719E-012  ,    9.0173374939415719E-012  ,    9.0173374939415719E-012  ,    9.0173374939415719E-012  ,    9.0173374939415719E-012  ,    9.0173374939415719E-012  ,    8.4739966913377405E-010  ,    8.4739966913377405E-010  ,    8.4739966913377405E-010  ,    8.4739966913377405E-010  ,    8.4739966913377405E-010  ,    8.4739966913377405E-010  ,    2.4076981539117949E-013  ,    2.4076981539117949E-013  ,    2.4076981539117949E-013  ,    2.4076981539117949E-013  ,    2.4076981539117949E-013  ,    2.4076981539117949E-013  , 
   30.699999999999999       ,    9.0051304885221063E-012  ,    9.0051304885221063E-012  ,    9.0051304885221063E-012  ,    9.0051304885221063E-012  ,    9.0051304885221063E-012  ,    9.0051304885221063E-012  ,    8.4831176201015531E-010  ,    8.4831176201015531E-010  ,    8.4831176201015531E-010  ,    8.4831176201015531E-010  ,    8.4831176201015531E-010  ,    8.4831176201015531E-010  ,    2.4114493491189004E-013  ,    2.4114493491189004E-013  ,    2.4114493491189004E-013  ,    2.4114493491189004E-013  ,    2.4114493491189004E-013  ,    2.4114493491189004E-013  , 
   31.690000000000001       ,    8.9938548422129929E-012  ,    8.9938548422129929E-012  ,    8.9938548422129929E-012  ,    8.9938548422129929E-012  ,    8.9938548422129929E-012  ,    8.9938548422129929E-012  ,    8.4917174487012550E-010  ,    8.4917174487012550E-010  ,    8.4917174487012550E-010  ,    8.4917174487012550E-010  ,    8.4917174487012550E-010  ,    8.4917174487012550E-010  ,    2.4149786921989727E-013  ,    2.4149786921989727E-013  ,    2.4149786921989727E-013  ,    2.4149786921989727E-013  ,    2.4149786921989727E-013  ,    2.4149786921989727E-013  , 
   32.680000000000000       ,    8.9834104838561618E-012  ,    8.9834104838561618E-012  ,    8.9834104838561618E-012  ,    8.9834104838561618E-012  ,    8.9834104838561618E-012  ,    8.9834104838561618E-012  ,    8.4998394158208908E-010  ,    8.4998394158208908E-010  ,    8.4998394158208908E-010  ,    8.4998394158208908E-010  ,    8.4998394158208908E-010  ,    8.4998394158208908E-010  ,    2.4183052684504684E-013  ,    2.4183052684504684E-013  ,    2.4183052684504684E-013  ,    2.4183052684504684E-013  ,    2.4183052684504684E-013  ,    2.4183052684504684E-013  , 
   33.670000000000002       ,    8.9737109375326182E-012  ,    8.9737109375326182E-012  ,    8.9737109375326182E-012  ,    8.9737109375326182E-012  ,    8.9737109375326182E-012  ,    8.9737109375326182E-012  ,    8.5075221258436060E-010  ,    8.5075221258436060E-010  ,    8.5075221258436060E-010  ,    8.5075221258436060E-010  ,    8.5075221258436060E-010  ,    8.5075221258436060E-010  ,    2.4214460388701848E-013  ,    2.4214460388701848E-013  ,    2.4214460388701848E-013  ,    2.4214460388701848E-013  ,    2.4214460388701848E-013  ,    2.4214460388701848E-013  , 
   34.659999999999997       ,    8.9646811187213865E-012  ,    8.9646811187213865E-012  ,    8.9646811187213865E-012  ,    8.9646811187213865E-012  ,    8.9646811187213865E-012  ,    8.9646811187213865E-012  ,    8.5148001506184706E-010  ,    8.5148001506184706E-010  ,    8.5148001506184706E-010  ,    8.5148001506184706E-010  ,    8.5148001506184706E-010  ,    8.5148001506184706E-010  ,    2.4244161271345849E-013  ,    2.4244161271345849E-013  ,    2.4244161271345849E-013  ,    2.4244161271345849E-013  ,    2.4244161271345849E-013  ,    2.4244161271345849E-013  , 
   35.649999999999999       ,    8.9562555415886596E-012  ,    8.9562555415886596E-012  ,    8.9562555415886596E-012  ,    8.9562555415886596E-012  ,    8.9562555415886596E-012  ,    8.9562555415886596E-012  ,    8.5217045403132324E-010  ,    8.5217045403132324E-010  ,    8.5217045403132324E-010  ,    8.5217045403132324E-010  ,    8.5217045403132324E-010  ,    8.5217045403132324E-010  ,    2.4272290613822410E-013  ,    2.4272290613822410E-013  ,    2.4272290613822410E-013  ,    2.4272290613822410E-013  ,    2.4272290613822410E-013  ,    2.4272290613822410E-013  , 
   36.640000000000001       ,    8.9483768512900759E-012  ,    8.9483768512900759E-012  ,    8.9483768512900759E-012  ,    8.9483768512900759E-012  ,    8.9483768512900759E-012  ,    8.9483768512900759E-012  ,    8.5282632588941035E-010  ,    8.5282632588941035E-010  ,    8.5282632588941035E-010  ,    8.5282632588941035E-010  ,    8.5282632588941035E-010  ,    8.5282632588941035E-010  ,    2.4298969788713488E-013  ,    2.4298969788713488E-013  ,    2.4298969788713488E-013  ,    2.4298969788713488E-013  ,    2.4298969788713488E-013  ,    2.4298969788713488E-013  , 
   37.630000000000003       ,    8.9409946150764371E-012  ,    8.9409946150764371E-012  ,    8.9409946150764371E-012  ,    8.9409946150764371E-012  ,    8.9409946150764371E-012  ,    8.9409946150764371E-012  ,    8.5345015568290589E-010  ,    8.5345015568290589E-010  ,    8.5345015568290589E-010  ,    8.5345015568290589E-010  ,    8.5345015568290589E-010  ,    8.5345015568290589E-010  ,    2.4324307999802765E-013  ,    2.4324307999802765E-013  ,    2.4324307999802765E-013  ,    2.4324307999802765E-013  ,    2.4324307999802765E-013  ,    2.4324307999802765E-013  , 
   38.619999999999997       ,    8.9340643208665749E-012  ,    8.9340643208665749E-012  ,    8.9340643208665749E-012  ,    8.9340643208665749E-012  ,    8.9340643208665749E-012  ,    8.9340643208665749E-012  ,    8.5404422912685234E-010  ,    8.5404422912685234E-010  ,    8.5404422912685234E-010  ,    8.5404422912685234E-010  ,    8.5404422912685234E-010  ,    8.5404422912685234E-010  ,    2.4348403767687826E-013  ,    2.4348403767687826E-013  ,    2.4348403767687826E-013  ,    2.4348403767687826E-013  ,    2.4348403767687826E-013  ,    2.4348403767687826E-013  , 
   39.609999999999999       ,    8.9275465432135411E-012  ,    8.9275465432135411E-012  ,    8.9275465432135411E-012  ,    8.9275465432135411E-012  ,    8.9275465432135411E-012  ,    8.9275465432135411E-012  ,    8.5461062021125240E-010  ,    8.5461062021125240E-010  ,    8.5461062021125240E-010  ,    8.5461062021125240E-010  ,    8.5461062021125240E-010  ,    8.5461062021125240E-010  ,    2.4371346203278963E-013  ,    2.4371346203278963E-013  ,    2.4371346203278963E-013  ,    2.4371346203278963E-013  ,    2.4371346203278963E-013  ,    2.4371346203278963E-013  , 
   40.600000000000001       ,    8.9214062451296307E-012  ,    8.9214062451296307E-012  ,    8.9214062451296307E-012  ,    8.9214062451296307E-012  ,    8.9214062451296307E-012  ,    8.9214062451296307E-012  ,    8.5515121508568384E-010  ,    8.5515121508568384E-010  ,    8.5515121508568384E-010  ,    8.5515121508568384E-010  ,    8.5515121508568384E-010  ,    8.5515121508568384E-010  ,    2.4393216103628799E-013  ,    2.4393216103628799E-013  ,    2.4393216103628799E-013  ,    2.4393216103628799E-013  ,    2.4393216103628799E-013  ,    2.4393216103628799E-013  , 
   41.590000000000003       ,    8.9156121908237093E-012  ,    8.9156121908237093E-012  ,    8.9156121908237093E-012  ,    8.9156121908237093E-012  ,    8.9156121908237093E-012  ,    8.9156121908237093E-012  ,    8.5566773279279648E-010  ,    8.5566773279279648E-010  ,    8.5566773279279648E-010  ,    8.5566773279279648E-010  ,    8.5566773279279648E-010  ,    8.5566773279279648E-010  ,    2.4414086898309586E-013  ,    2.4414086898309586E-013  ,    2.4414086898309586E-013  ,    2.4414086898309586E-013  ,    2.4414086898309586E-013  ,    2.4414086898309586E-013  , 
   42.579999999999998       ,    8.9101364494671335E-012  ,    8.9101364494671335E-012  ,    8.9101364494671335E-012  ,    8.9101364494671335E-012  ,    8.9101364494671335E-012  ,    8.9101364494671335E-012  ,    8.5616174332333776E-010  ,    8.5616174332333776E-010  ,    8.5616174332333776E-010  ,    8.5616174332333776E-010  ,    8.5616174332333776E-010  ,    8.5616174332333776E-010  ,    2.4434025469559787E-013  ,    2.4434025469559787E-013  ,    2.4434025469559787E-013  ,    2.4434025469559787E-013  ,    2.4434025469559787E-013  ,    2.4434025469559787E-013  , 
   43.570000000000000       ,    8.9049539740543183E-012  ,    8.9049539740543183E-012  ,    8.9049539740543183E-012  ,    8.9049539740543183E-012  ,    8.9049539740543183E-012  ,    8.9049539740543183E-012  ,    8.5663468338661146E-010  ,    8.5663468338661146E-010  ,    8.5663468338661146E-010  ,    8.5663468338661146E-010  ,    8.5663468338661146E-010  ,    8.5663468338661146E-010  ,    2.4453092865382155E-013  ,    2.4453092865382155E-013  ,    2.4453092865382155E-013  ,    2.4453092865382155E-013  ,    2.4453092865382155E-013  ,    2.4453092865382155E-013  , 
   44.560000000000002       ,    8.9000422425169734E-012  ,    8.9000422425169734E-012  ,    8.9000422425169734E-012  ,    8.9000422425169734E-012  ,    8.9000422425169734E-012  ,    8.9000422425169734E-012  ,    8.5708787022555293E-010  ,    8.5708787022555293E-010  ,    8.5708787022555293E-010  ,    8.5708787022555293E-010  ,    8.5708787022555293E-010  ,    8.5708787022555293E-010  ,    2.4471344921538930E-013  ,    2.4471344921538930E-013  ,    2.4471344921538930E-013  ,    2.4471344921538930E-013  ,    2.4471344921538930E-013  ,    2.4471344921538930E-013  , 
   45.549999999999997       ,    8.8953809506879046E-012  ,    8.8953809506879046E-012  ,    8.8953809506879046E-012  ,    8.8953809506879046E-012  ,    8.8953809506879046E-012  ,    8.8953809506879046E-012  ,    8.5752251375280539E-010  ,    8.5752251375280539E-010  ,    8.5752251375280539E-010  ,    8.5752251375280539E-010  ,    8.5752251375280539E-010  ,    8.5752251375280539E-010  ,    2.4488832805698345E-013  ,    2.4488832805698345E-013  ,    2.4488832805698345E-013  ,    2.4488832805698345E-013  ,    2.4488832805698345E-013  ,    2.4488832805698345E-013  , 
   46.539999999999999       ,    8.8909517486371985E-012  ,    8.8909517486371985E-012  ,    8.8909517486371985E-012  ,    8.8909517486371985E-012  ,    8.8909517486371985E-012  ,    8.8909517486371985E-012  ,    8.5793972724037924E-010  ,    8.5793972724037924E-010  ,    8.5793972724037924E-010  ,    8.5793972724037924E-010  ,    8.5793972724037924E-010  ,    8.5793972724037924E-010  ,    2.4505603494889361E-013  ,    2.4505603494889361E-013  ,    2.4505603494889361E-013  ,    2.4505603494889361E-013  ,    2.4505603494889361E-013  ,    2.4505603494889361E-013  , 
   47.530000000000001       ,    8.8867380134444834E-012  ,    8.8867380134444834E-012  ,    8.8867380134444834E-012  ,    8.8867380134444834E-012  ,    8.8867380134444834E-012  ,    8.8867380134444834E-012  ,    8.5834053675963501E-010  ,    8.5834053675963501E-010  ,    8.5834053675963501E-010  ,    8.5834053675963501E-010  ,    8.5834053675963501E-010  ,    8.5834053675963501E-010  ,    2.4521700195574822E-013  ,    2.4521700195574822E-013  ,    2.4521700195574822E-013  ,    2.4521700195574822E-013  ,    2.4521700195574822E-013  ,    2.4521700195574822E-013  , 
   48.520000000000003       ,    8.8827246527043105E-012  ,    8.8827246527043105E-012  ,    8.8827246527043105E-012  ,    8.8827246527043105E-012  ,    8.8827246527043105E-012  ,    8.8827246527043105E-012  ,    8.5872588953842276E-010  ,    8.5872588953842276E-010  ,    8.5872588953842276E-010  ,    8.5872588953842276E-010  ,    8.5872588953842276E-010  ,    8.5872588953842276E-010  ,    2.4537162714227886E-013  ,    2.4537162714227886E-013  ,    2.4537162714227886E-013  ,    2.4537162714227886E-013  ,    2.4537162714227886E-013  ,    2.4537162714227886E-013  , 
   49.509999999999998       ,    8.8788979340519736E-012  ,    8.8788979340519736E-012  ,    8.8788979340519736E-012  ,    8.8788979340519736E-012  ,    8.8788979340519736E-012  ,    8.8788979340519736E-012  ,    8.5909666137707319E-010  ,    8.5909666137707319E-010  ,    8.5909666137707319E-010  ,    8.5909666137707319E-010  ,    8.5909666137707319E-010  ,    8.5909666137707319E-010  ,    2.4552027785084411E-013  ,    2.4552027785084411E-013  ,    2.4552027785084411E-013  ,    2.4552027785084411E-013  ,    2.4552027785084411E-013  ,    2.4552027785084411E-013  , 
   50.500000000000000       ,    8.8752453368033830E-012  ,    8.8752453368033830E-012  ,    8.8752453368033830E-012  ,    8.8752453368033830E-012  ,    8.8752453368033830E-012  ,    8.8752453368033830E-012  ,    8.5945366324452210E-010  ,    8.5945366324452210E-010  ,    8.5945366324452210E-010  ,    8.5945366324452210E-010  ,    8.5945366324452210E-010  ,    8.5945366324452210E-010  ,    2.4566329360729970E-013  ,    2.4566329360729970E-013  ,    2.4566329360729970E-013  ,    2.4566329360729970E-013  ,    2.4566329360729970E-013  ,    2.4566329360729970E-013  , 
   51.490000000000002       ,    8.8717554224510546E-012  ,    8.8717554224510546E-012  ,    8.8717554224510546E-012  ,    8.8717554224510546E-012  ,    8.8717554224510546E-012  ,    8.8717554224510546E-012  ,    8.5979764715800133E-010  ,    8.5979764715800133E-010  ,    8.5979764715800133E-010  ,    8.5979764715800133E-010  ,    8.5979764715800133E-010  ,    8.5979764715800133E-010  ,    2.4580098870334043E-013  ,    2.4580098870334043E-013  ,    2.4580098870334043E-013  ,    2.4580098870334043E-013  ,    2.4580098870334043E-013  ,    2.4580098870334043E-013  , 
   52.479999999999997       ,    8.8684177213019479E-012  ,    8.8684177213019479E-012  ,    8.8684177213019479E-012  ,    8.8684177213019479E-012  ,    8.8684177213019479E-012  ,    8.8684177213019479E-012  ,    8.6012931143552515E-010  ,    8.6012931143552515E-010  ,    8.6012931143552515E-010  ,    8.6012931143552515E-010  ,    8.6012931143552515E-010  ,    8.6012931143552515E-010  ,    2.4593365449664845E-013  ,    2.4593365449664845E-013  ,    2.4593365449664845E-013  ,    2.4593365449664845E-013  ,    2.4593365449664845E-013  ,    2.4593365449664845E-013  , 
   53.469999999999999       ,    8.8652226329635424E-012  ,    8.8652226329635424E-012  ,    8.8652226329635424E-012  ,    8.8652226329635424E-012  ,    8.8652226329635424E-012  ,    8.8652226329635424E-012  ,    8.6044930539746377E-010  ,    8.6044930539746377E-010  ,    8.6044930539746377E-010  ,    8.6044930539746377E-010  ,    8.6044930539746377E-010  ,    8.6044930539746377E-010  ,    2.4606156146416662E-013  ,    2.4606156146416662E-013  ,    2.4606156146416662E-013  ,    2.4606156146416662E-013  ,    2.4606156146416662E-013  ,    2.4606156146416662E-013  , 
   54.460000000000001       ,    8.8621613387612871E-012  ,    8.8621613387612871E-012  ,    8.8621613387612871E-012  ,    8.8621613387612871E-012  ,    8.8621613387612871E-012  ,    8.8621613387612871E-012  ,    8.6075823358338375E-010  ,    8.6075823358338375E-010  ,    8.6075823358338375E-010  ,    8.6075823358338375E-010  ,    8.6075823358338375E-010  ,    8.6075823358338375E-010  ,    2.4618496103862122E-013  ,    2.4618496103862122E-013  ,    2.4618496103862122E-013  ,    2.4618496103862122E-013  ,    2.4618496103862122E-013  ,    2.4618496103862122E-013  , 
   55.450000000000003       ,    8.8592257244612263E-012  ,    8.8592257244612263E-012  ,    8.8592257244612263E-012  ,    8.8592257244612263E-012  ,    8.8592257244612263E-012  ,    8.8592257244612263E-012  ,    8.6105665954177258E-010  ,    8.6105665954177258E-010  ,    8.6105665954177258E-010  ,    8.6105665954177258E-010  ,    8.6105665954177258E-010  ,    8.6105665954177258E-010  ,    2.4630408725489050E-013  ,    2.4630408725489050E-013  ,    2.4630408725489050E-013  ,    2.4630408725489050E-013  ,    2.4630408725489050E-013  ,    2.4630408725489050E-013  , 
   56.439999999999998       ,    8.8564083119151393E-012  ,    8.8564083119151393E-012  ,    8.8564083119151393E-012  ,    8.8564083119151393E-012  ,    8.8564083119151393E-012  ,    8.8564083119151393E-012  ,    8.6134510924142467E-010  ,    8.6134510924142467E-010  ,    8.6134510924142467E-010  ,    8.6134510924142467E-010  ,    8.6134510924142467E-010  ,    8.6134510924142467E-010  ,    2.4641915822839650E-013  ,    2.4641915822839650E-013  ,    2.4641915822839650E-013  ,    2.4641915822839650E-013  ,    2.4641915822839650E-013  ,    2.4641915822839650E-013  , 
   57.430000000000000       ,    8.8537021984580434E-012  ,    8.8537021984580434E-012  ,    8.8537021984580434E-012  ,    8.8537021984580434E-012  ,    8.8537021984580434E-012  ,    8.8537021984580434E-012  ,    8.6162407414858230E-010  ,    8.6162407414858230E-010  ,    8.6162407414858230E-010  ,    8.6162407414858230E-010  ,    8.6162407414858230E-010  ,    8.6162407414858230E-010  ,    2.4653037748546506E-013  ,    2.4653037748546506E-013  ,    2.4653037748546506E-013  ,    2.4653037748546506E-013  ,    2.4653037748546506E-013  ,    2.4653037748546506E-013  , 
   58.420000000000002       ,    8.8511010030603739E-012  ,    8.8511010030603739E-012  ,    8.8511010030603739E-012  ,    8.8511010030603739E-012  ,    8.8511010030603739E-012  ,    8.8511010030603739E-012  ,    8.6189401400673735E-010  ,    8.6189401400673735E-010  ,    8.6189401400673735E-010  ,    8.6189401400673735E-010  ,    8.6189401400673735E-010  ,    8.6189401400673735E-010  ,    2.4663793516247869E-013  ,    2.4663793516247869E-013  ,    2.4663793516247869E-013  ,    2.4663793516247869E-013  ,    2.4663793516247869E-013  ,    2.4663793516247869E-013  , 
   59.409999999999997       ,    8.8485988183697082E-012  ,    8.8485988183697082E-012  ,    8.8485988183697082E-012  ,    8.8485988183697082E-012  ,    8.8485988183697082E-012  ,    8.8485988183697082E-012  ,    8.6215535935249031E-010  ,    8.6215535935249031E-010  ,    8.6215535935249031E-010  ,    8.6215535935249031E-010  ,    8.6215535935249031E-010  ,    8.6215535935249031E-010  ,    2.4674200908870520E-013  ,    2.4674200908870520E-013  ,    2.4674200908870520E-013  ,    2.4674200908870520E-013  ,    2.4674200908870520E-013  ,    2.4674200908870520E-013  , 
   60.399999999999999       ,    8.8461901679162797E-012  ,    8.8461901679162797E-012  ,    8.8461901679162797E-012  ,    8.8461901679162797E-012  ,    8.8461901679162797E-012  ,    8.8461901679162797E-012  ,    8.6240851379593245E-010  ,    8.6240851379593245E-010  ,    8.6240851379593245E-010  ,    8.6240851379593245E-010  ,    8.6240851379593245E-010  ,    8.6240851379593245E-010  ,    2.4684276576584534E-013  ,    2.4684276576584534E-013  ,    2.4684276576584534E-013  ,    2.4684276576584534E-013  ,    2.4684276576584534E-013  ,    2.4684276576584534E-013  , 
   61.390000000000001       ,    8.8438699678431969E-012  ,    8.8438699678431969E-012  ,    8.8438699678431969E-012  ,    8.8438699678431969E-012  ,    8.8438699678431969E-012  ,    8.8438699678431969E-012  ,    8.6265385609087868E-010  ,    8.6265385609087868E-010  ,    8.6265385609087868E-010  ,    8.6265385609087868E-010  ,    8.6265385609087868E-010  ,    8.6265385609087868E-010  ,    2.4694036125544529E-013  ,    2.4694036125544529E-013  ,    2.4694036125544529E-013  ,    2.4694036125544529E-013  ,    2.4694036125544529E-013  ,    2.4694036125544529E-013  , 
   62.380000000000003       ,    8.8416334926180235E-012  ,    8.8416334926180235E-012  ,    8.8416334926180235E-012  ,    8.8416334926180235E-012  ,    8.8416334926180235E-012  ,    8.8416334926180235E-012  ,    8.6289174201720607E-010  ,    8.6289174201720607E-010  ,    8.6289174201720607E-010  ,    8.6289174201720607E-010  ,    8.6289174201720607E-010  ,    8.6289174201720607E-010  ,    2.4703494198420919E-013  ,    2.4703494198420919E-013  ,    2.4703494198420919E-013  ,    2.4703494198420919E-013  ,    2.4703494198420919E-013  ,    2.4703494198420919E-013  , 
   63.369999999999997       ,    8.8394763442551451E-012  ,    8.8394763442551451E-012  ,    8.8394763442551451E-012  ,    8.8394763442551451E-012  ,    8.8394763442551451E-012  ,    8.8394763442551451E-012  ,    8.6312250609509573E-010  ,    8.6312250609509573E-010  ,    8.6312250609509573E-010  ,    8.6312250609509573E-010  ,    8.6312250609509573E-010  ,    8.6312250609509573E-010  ,    2.4712664547607109E-013  ,    2.4712664547607109E-013  ,    2.4712664547607109E-013  ,    2.4712664547607109E-013  ,    2.4712664547607109E-013  ,    2.4712664547607109E-013  , 
   64.359999999999999       ,    8.8373944246334357E-012  ,    8.8373944246334357E-012  ,    8.8373944246334357E-012  ,    8.8373944246334357E-012  ,    8.8373944246334357E-012  ,    8.8373944246334357E-012  ,    8.6334646314780994E-010  ,    8.6334646314780994E-010  ,    8.6334646314780994E-010  ,    8.6334646314780994E-010  ,    8.6334646314780994E-010  ,    8.6334646314780994E-010  ,    2.4721560101832902E-013  ,    2.4721560101832902E-013  ,    2.4721560101832902E-013  ,    2.4721560101832902E-013  ,    2.4721560101832902E-013  ,    2.4721560101832902E-013  , 
   65.349999999999994       ,    8.8353839105596420E-012  ,    8.8353839105596420E-012  ,    8.8353839105596420E-012  ,    8.8353839105596420E-012  ,    8.8353839105596420E-012  ,    8.8353839105596420E-012  ,    8.6356390972915120E-010  ,    8.6356390972915120E-010  ,    8.6356390972915120E-010  ,    8.6356390972915120E-010  ,    8.6356390972915120E-010  ,    8.6356390972915120E-010  ,    2.4730193026901289E-013  ,    2.4730193026901289E-013  ,    2.4730193026901289E-013  ,    2.4730193026901289E-013  ,    2.4730193026901289E-013  ,    2.4730193026901289E-013  , 
   66.340000000000003       ,    8.8334412312645008E-012  ,    8.8334412312645008E-012  ,    8.8334412312645008E-012  ,    8.8334412312645008E-012  ,    8.8334412312645008E-012  ,    8.8334412312645008E-012  ,    8.6377512542841730E-010  ,    8.6377512542841730E-010  ,    8.6377512542841730E-010  ,    8.6377512542841730E-010  ,    8.6377512542841730E-010  ,    8.6377512542841730E-010  ,    2.4738574781129003E-013  ,    2.4738574781129003E-013  ,    2.4738574781129003E-013  ,    2.4738574781129003E-013  ,    2.4738574781129003E-013  ,    2.4738574781129003E-013  , 
   67.329999999999998       ,    8.8315630480584723E-012  ,    8.8315630480584723E-012  ,    8.8315630480584723E-012  ,    8.8315630480584723E-012  ,    8.8315630480584723E-012  ,    8.8315630480584723E-012  ,    8.6398037406534439E-010  ,    8.6398037406534439E-010  ,    8.6398037406534439E-010  ,    8.6398037406534439E-010  ,    8.6398037406534439E-010  ,    8.6398037406534439E-010  ,    2.4746716166021612E-013  ,    2.4746716166021612E-013  ,    2.4746716166021612E-013  ,    2.4746716166021612E-013  ,    2.4746716166021612E-013  ,    2.4746716166021612E-013  , 
   68.319999999999993       ,    8.8297462359126673E-012  ,    8.8297462359126673E-012  ,    8.8297462359126673E-012  ,    8.8297462359126673E-012  ,    8.8297462359126673E-012  ,    8.8297462359126673E-012  ,    8.6417990478539667E-010  ,    8.6417990478539667E-010  ,    8.6417990478539667E-010  ,    8.6417990478539667E-010  ,    8.6417990478539667E-010  ,    8.6417990478539667E-010  ,    2.4754627372654587E-013  ,    2.4754627372654587E-013  ,    2.4754627372654587E-013  ,    2.4754627372654587E-013  ,    2.4754627372654587E-013  ,    2.4754627372654587E-013  , 
   69.310000000000002       ,    8.8279878667587392E-012  ,    8.8279878667587392E-012  ,    8.8279878667587392E-012  ,    8.8279878667587392E-012  ,    8.8279878667587392E-012  ,    8.8279878667587392E-012  ,    8.6437395306524370E-010  ,    8.6437395306524370E-010  ,    8.6437395306524370E-010  ,    8.6437395306524370E-010  ,    8.6437395306524370E-010  ,    8.6437395306524370E-010  ,    2.4762318024184574E-013  ,    2.4762318024184574E-013  ,    2.4762318024184574E-013  ,    2.4762318024184574E-013  ,    2.4762318024184574E-013  ,    2.4762318024184574E-013  , 
   70.299999999999997       ,    8.8262851943174417E-012  ,    8.8262851943174417E-012  ,    8.8262851943174417E-012  ,    8.8262851943174417E-012  ,    8.8262851943174417E-012  ,    8.8262851943174417E-012  ,    8.6456274163670140E-010  ,    8.6456274163670140E-010  ,    8.6456274163670140E-010  ,    8.6456274163670140E-010  ,    8.6456274163670140E-010  ,    8.6456274163670140E-010  ,    2.4769797214854029E-013  ,    2.4769797214854029E-013  ,    2.4769797214854029E-013  ,    2.4769797214854029E-013  ,    2.4769797214854029E-013  ,    2.4769797214854029E-013  , 
   71.290000000000006       ,    8.8246356403037507E-012  ,    8.8246356403037507E-012  ,    8.8246356403037507E-012  ,    8.8246356403037507E-012  ,    8.8246356403037507E-012  ,    8.8246356403037507E-012  ,    8.6474648133668765E-010  ,    8.6474648133668765E-010  ,    8.6474648133668765E-010  ,    8.6474648133668765E-010  ,    8.6474648133668765E-010  ,    8.6474648133668765E-010  ,    2.4777073545822389E-013  ,    2.4777073545822389E-013  ,    2.4777073545822389E-013  ,    2.4777073545822389E-013  ,    2.4777073545822389E-013  ,    2.4777073545822389E-013  , 
   72.280000000000001       ,    8.8230367818617113E-012  ,    8.8230367818617113E-012  ,    8.8230367818617113E-012  ,    8.8230367818617113E-012  ,    8.8230367818617113E-012  ,    8.8230367818617113E-012  ,    8.6492537189035987E-010  ,    8.6492537189035987E-010  ,    8.6492537189035987E-010  ,    8.6492537189035987E-010  ,    8.6492537189035987E-010  ,    8.6492537189035987E-010  ,    2.4784155158138184E-013  ,    2.4784155158138184E-013  ,    2.4784155158138184E-013  ,    2.4784155158138184E-013  ,    2.4784155158138184E-013  ,    2.4784155158138184E-013  , 
   73.269999999999996       ,    8.8214863401018729E-012  ,    8.8214863401018729E-012  ,    8.8214863401018729E-012  ,    8.8214863401018729E-012  ,    8.8214863401018729E-012  ,    8.8214863401018729E-012  ,    8.6509960263289854E-010  ,    8.6509960263289854E-010  ,    8.6509960263289854E-010  ,    8.6509960263289854E-010  ,    8.6509960263289854E-010  ,    8.6509960263289854E-010  ,    2.4791049763082945E-013  ,    2.4791049763082945E-013  ,    2.4791049763082945E-013  ,    2.4791049763082945E-013  ,    2.4791049763082945E-013  ,    2.4791049763082945E-013  , 
   74.260000000000005       ,    8.8199821696363785E-012  ,    8.8199821696363785E-012  ,    8.8199821696363785E-012  ,    8.8199821696363785E-012  ,    8.8199821696363785E-012  ,    8.8199821696363785E-012  ,    8.6526935317609629E-010  ,    8.6526935317609629E-010  ,    8.6526935317609629E-010  ,    8.6526935317609629E-010  ,    8.6526935317609629E-010  ,    8.6526935317609629E-010  ,    2.4797764670156316E-013  ,    2.4797764670156316E-013  ,    2.4797764670156316E-013  ,    2.4797764670156316E-013  ,    2.4797764670156316E-013  ,    2.4797764670156316E-013  , 
   75.250000000000000       ,    8.8185222490066756E-012  ,    8.8185222490066756E-012  ,    8.8185222490066756E-012  ,    8.8185222490066756E-012  ,    8.8185222490066756E-012  ,    8.8185222490066756E-012  ,    8.6543479402421053E-010  ,    8.6543479402421053E-010  ,    8.6543479402421053E-010  ,    8.6543479402421053E-010  ,    8.6543479402421053E-010  ,    8.6543479402421053E-010  ,    2.4804306812906522E-013  ,    2.4804306812906522E-013  ,    2.4804306812906522E-013  ,    2.4804306812906522E-013  ,    2.4804306812906522E-013  ,    2.4804306812906522E-013  , 
   76.239999999999995       ,    8.8171046719169702E-012  ,    8.8171046719169702E-012  ,    8.8171046719169702E-012  ,    8.8171046719169702E-012  ,    8.8171046719169702E-012  ,    8.8171046719169702E-012  ,    8.6559608714348359E-010  ,    8.6559608714348359E-010  ,    8.6559608714348359E-010  ,    8.6559608714348359E-010  ,    8.6559608714348359E-010  ,    8.6559608714348359E-010  ,    2.4810682772781399E-013  ,    2.4810682772781399E-013  ,    2.4810682772781399E-013  ,    2.4810682772781399E-013  ,    2.4810682772781399E-013  ,    2.4810682772781399E-013  , 
   77.230000000000004       ,    8.8157276392028057E-012  ,    8.8157276392028057E-012  ,    8.8157276392028057E-012  ,    8.8157276392028057E-012  ,    8.8157276392028057E-012  ,    8.8157276392028057E-012  ,    8.6575338648968406E-010  ,    8.6575338648968406E-010  ,    8.6575338648968406E-010  ,    8.6575338648968406E-010  ,    8.6575338648968406E-010  ,    8.6575338648968406E-010  ,    2.4816898801193611E-013  ,    2.4816898801193611E-013  ,    2.4816898801193611E-013  ,    2.4816898801193611E-013  ,    2.4816898801193611E-013  ,    2.4816898801193611E-013  , 
   78.219999999999999       ,    8.8143894514542260E-012  ,    8.8143894514542260E-012  ,    8.8143894514542260E-012  ,    8.8143894514542260E-012  ,    8.8143894514542260E-012  ,    8.8143894514542260E-012  ,    8.6590683849700564E-010  ,    8.6590683849700564E-010  ,    8.6590683849700564E-010  ,    8.6590683849700564E-010  ,    8.6590683849700564E-010  ,    8.6590683849700564E-010  ,    2.4822960839954254E-013  ,    2.4822960839954254E-013  ,    2.4822960839954254E-013  ,    2.4822960839954254E-013  ,    2.4822960839954254E-013  ,    2.4822960839954254E-013  , 
   79.209999999999994       ,    8.8130885022377957E-012  ,    8.8130885022377957E-012  ,    8.8130885022377957E-012  ,    8.8130885022377957E-012  ,    8.8130885022377957E-012  ,    8.8130885022377957E-012  ,    8.6605658253147384E-010  ,    8.6605658253147384E-010  ,    8.6605658253147384E-010  ,    8.6605658253147384E-010  ,    8.6605658253147384E-010  ,    8.6605658253147384E-010  ,    2.4828874540195165E-013  ,    2.4828874540195165E-013  ,    2.4828874540195165E-013  ,    2.4828874540195165E-013  ,    2.4828874540195165E-013  ,    2.4828874540195165E-013  , 
   80.200000000000003       ,    8.8118232718634230E-012  ,    8.8118232718634230E-012  ,    8.8118232718634230E-012  ,    8.8118232718634230E-012  ,    8.8118232718634230E-012  ,    8.8118232718634230E-012  ,    8.6620275131215445E-010  ,    8.6620275131215445E-010  ,    8.6620275131215445E-010  ,    8.6620275131215445E-010  ,    8.6620275131215445E-010  ,    8.6620275131215445E-010  ,    2.4834645279926161E-013  ,    2.4834645279926161E-013  ,    2.4834645279926161E-013  ,    2.4834645279926161E-013  ,    2.4834645279926161E-013  ,    2.4834645279926161E-013  , 
   81.189999999999998       ,    8.8105923216425838E-012  ,    8.8105923216425838E-012  ,    8.8105923216425838E-012  ,    8.8105923216425838E-012  ,    8.8105923216425838E-012  ,    8.8105923216425838E-012  ,    8.6634547130248200E-010  ,    8.6634547130248200E-010  ,    8.6634547130248200E-010  ,    8.6634547130248200E-010  ,    8.6634547130248200E-010  ,    8.6634547130248200E-010  ,    2.4840278180337885E-013  ,    2.4840278180337885E-013  ,    2.4840278180337885E-013  ,    2.4840278180337885E-013  ,    2.4840278180337885E-013  ,    2.4840278180337885E-013  , 
   82.180000000000007       ,    8.8093942885912366E-012  ,    8.8093942885912366E-012  ,    8.8093942885912366E-012  ,    8.8093942885912366E-012  ,    8.8093942885912366E-012  ,    8.8093942885912366E-012  ,    8.6648486307435564E-010  ,    8.6648486307435564E-010  ,    8.6648486307435564E-010  ,    8.6648486307435564E-010  ,    8.6648486307435564E-010  ,    8.6648486307435564E-010  ,    2.4845778120946670E-013  ,    2.4845778120946670E-013  ,    2.4845778120946670E-013  ,    2.4845778120946670E-013  ,    2.4845778120946670E-013  ,    2.4845778120946670E-013  , 
   83.170000000000002       ,    8.8082278805454789E-012  ,    8.8082278805454789E-012  ,    8.8082278805454789E-012  ,    8.8082278805454789E-012  ,    8.8082278805454789E-012  ,    8.8082278805454789E-012  ,    8.6662104164697019E-010  ,    8.6662104164697019E-010  ,    8.6662104164697019E-010  ,    8.6662104164697019E-010  ,    8.6662104164697019E-010  ,    8.6662104164697019E-010  ,    2.4851149753678435E-013  ,    2.4851149753678435E-013  ,    2.4851149753678435E-013  ,    2.4851149753678435E-013  ,    2.4851149753678435E-013  ,    2.4851149753678435E-013  , 
   84.159999999999997       ,    8.8070918716472662E-012  ,    8.8070918716472662E-012  ,    8.8070918716472662E-012  ,    8.8070918716472662E-012  ,    8.8070918716472662E-012  ,    8.8070918716472662E-012  ,    8.6675411680287898E-010  ,    8.6675411680287898E-010  ,    8.6675411680287898E-010  ,    8.6675411680287898E-010  ,    8.6675411680287898E-010  ,    8.6675411680287898E-010  ,    2.4856397515989428E-013  ,    2.4856397515989428E-013  ,    2.4856397515989428E-013  ,    2.4856397515989428E-013  ,    2.4856397515989428E-013  ,    2.4856397515989428E-013  , 
   85.150000000000006       ,    8.8059850981672236E-012  ,    8.8059850981672236E-012  ,    8.8059850981672236E-012  ,    8.8059850981672236E-012  ,    8.8059850981672236E-012  ,    8.8059850981672236E-012  ,    8.6688419338221751E-010  ,    8.6688419338221751E-010  ,    8.6688419338221751E-010  ,    8.6688419338221751E-010  ,    8.6688419338221751E-010  ,    8.6688419338221751E-010  ,    2.4861525643074512E-013  ,    2.4861525643074512E-013  ,    2.4861525643074512E-013  ,    2.4861525643074512E-013  ,    2.4861525643074512E-013  ,    2.4861525643074512E-013  , 
   86.140000000000001       ,    8.8049064546413797E-012  ,    8.8049064546413797E-012  ,    8.8049064546413797E-012  ,    8.8049064546413797E-012  ,    8.8049064546413797E-012  ,    8.8049064546413797E-012  ,    8.6701137155785033E-010  ,    8.6701137155785033E-010  ,    8.6701137155785033E-010  ,    8.6701137155785033E-010  ,    8.6701137155785033E-010  ,    8.6701137155785033E-010  ,    2.4866538179268354E-013  ,    2.4866538179268354E-013  ,    2.4866538179268354E-013  ,    2.4866538179268354E-013  ,    2.4866538179268354E-013  ,    2.4866538179268354E-013  , 
   87.129999999999995       ,    8.8038548902880921E-012  ,    8.8038548902880921E-012  ,    8.8038548902880921E-012  ,    8.8038548902880921E-012  ,    8.8038548902880921E-012  ,    8.8038548902880921E-012  ,    8.6713574709191892E-010  ,    8.6713574709191892E-010  ,    8.6713574709191892E-010  ,    8.6713574709191892E-010  ,    8.6713574709191892E-010  ,    8.6713574709191892E-010  ,    2.4871438988665867E-013  ,    2.4871438988665867E-013  ,    2.4871438988665867E-013  ,    2.4871438988665867E-013  ,    2.4871438988665867E-013  ,    2.4871438988665867E-013  , 
   88.120000000000005       ,    8.8028294056866143E-012  ,    8.8028294056866143E-012  ,    8.8028294056866143E-012  ,    8.8028294056866143E-012  ,    8.8028294056866143E-012  ,    8.8028294056866143E-012  ,    8.6725741157597366E-010  ,    8.6725741157597366E-010  ,    8.6725741157597366E-010  ,    8.6725741157597366E-010  ,    8.6725741157597366E-010  ,    8.6725741157597366E-010  ,    2.4876231765058873E-013  ,    2.4876231765058873E-013  ,    2.4876231765058873E-013  ,    2.4876231765058873E-013  ,    2.4876231765058873E-013  ,    2.4876231765058873E-013  , 
   89.109999999999999       ,    8.8018290496957548E-012  ,    8.8018290496957548E-012  ,    8.8018290496957548E-012  ,    8.8018290496957548E-012  ,    8.8018290496957548E-012  ,    8.8018290496957548E-012  ,    8.6737645265539893E-010  ,    8.6737645265539893E-010  ,    8.6737645265539893E-010  ,    8.6737645265539893E-010  ,    8.6737645265539893E-010  ,    8.6737645265539893E-010  ,    2.4880920041209641E-013  ,    2.4880920041209641E-013  ,    2.4880920041209641E-013  ,    2.4880920041209641E-013  ,    2.4880920041209641E-013  ,    2.4880920041209641E-013  , 
   90.099999999999994       ,    8.8008529165841466E-012  ,    8.8008529165841466E-012  ,    8.8008529165841466E-012  ,    8.8008529165841466E-012  ,    8.8008529165841466E-012  ,    8.8008529165841466E-012  ,    8.6749295423950969E-010  ,    8.6749295423950969E-010  ,    8.6749295423950969E-010  ,    8.6749295423950969E-010  ,    8.6749295423950969E-010  ,    8.6749295423950969E-010  ,    2.4885507197530256E-013  ,    2.4885507197530256E-013  ,    2.4885507197530256E-013  ,    2.4885507197530256E-013  ,    2.4885507197530256E-013  ,    2.4885507197530256E-013  , 
   91.090000000000003       ,    8.7999001433707098E-012  ,    8.7999001433707098E-012  ,    8.7999001433707098E-012  ,    8.7999001433707098E-012  ,    8.7999001433707098E-012  ,    8.7999001433707098E-012  ,    8.6760699669856340E-010  ,    8.6760699669856340E-010  ,    8.6760699669856340E-010  ,    8.6760699669856340E-010  ,    8.6760699669856340E-010  ,    8.6760699669856340E-010  ,    2.4889996470210565E-013  ,    2.4889996470210565E-013  ,    2.4889996470210565E-013  ,    2.4889996470210565E-013  ,    2.4889996470210565E-013  ,    2.4889996470210565E-013  , 
   92.079999999999998       ,    8.7989699073416669E-012  ,    8.7989699073416669E-012  ,    8.7989699073416669E-012  ,    8.7989699073416669E-012  ,    8.7989699073416669E-012  ,    8.7989699073416669E-012  ,    8.6771865704826172E-010  ,    8.6771865704826172E-010  ,    8.6771865704826172E-010  ,    8.6771865704826172E-010  ,    8.6771865704826172E-010  ,    8.6771865704826172E-010  ,    2.4894390958822956E-013  ,    2.4894390958822956E-013  ,    2.4894390958822956E-013  ,    2.4894390958822956E-013  ,    2.4894390958822956E-013  ,    2.4894390958822956E-013  , 
   93.069999999999993       ,    8.7980614237418415E-012  ,    8.7980614237418415E-012  ,    8.7980614237418415E-012  ,    8.7980614237418415E-012  ,    8.7980614237418415E-012  ,    8.7980614237418415E-012  ,    8.6782800912283629E-010  ,    8.6782800912283629E-010  ,    8.6782800912283629E-010  ,    8.6782800912283629E-010  ,    8.6782800912283629E-010  ,    8.6782800912283629E-010  ,    2.4898693633455273E-013  ,    2.4898693633455273E-013  ,    2.4898693633455273E-013  ,    2.4898693633455273E-013  ,    2.4898693633455273E-013  ,    2.4898693633455273E-013  , 
   94.060000000000002       ,    8.7971739436216556E-012  ,    8.7971739436216556E-012  ,    8.7971739436216556E-012  ,    8.7971739436216556E-012  ,    8.7971739436216556E-012  ,    8.7971739436216556E-012  ,    8.6793512373763202E-010  ,    8.6793512373763202E-010  ,    8.6793512373763202E-010  ,    8.6793512373763202E-010  ,    8.6793512373763202E-010  ,    8.6793512373763202E-010  ,    2.4902907341404851E-013  ,    2.4902907341404851E-013  ,    2.4902907341404851E-013  ,    2.4902907341404851E-013  ,    2.4902907341404851E-013  ,    2.4902907341404851E-013  , 
   95.049999999999997       ,    8.7963067518266138E-012  ,    8.7963067518266138E-012  ,    8.7963067518266138E-012  ,    8.7963067518266138E-012  ,    8.7963067518266138E-012  ,    8.7963067518266138E-012  ,    8.6804006884174369E-010  ,    8.6804006884174369E-010  ,    8.6804006884174369E-010  ,    8.6804006884174369E-010  ,    8.6804006884174369E-010  ,    8.6804006884174369E-010  ,    2.4907034813453416E-013  ,    2.4907034813453416E-013  ,    2.4907034813453416E-013  ,    2.4907034813453416E-013  ,    2.4907034813453416E-013  ,    2.4907034813453416E-013  , 
   96.040000000000006       ,    8.7954591651233986E-012  ,    8.7954591651233986E-012  ,    8.7954591651233986E-012  ,    8.7954591651233986E-012  ,    8.7954591651233986E-012  ,    8.7954591651233986E-012  ,    8.6814290966158656E-010  ,    8.6814290966158656E-010  ,    8.6814290966158656E-010  ,    8.6814290966158656E-010  ,    8.6814290966158656E-010  ,    8.6814290966158656E-010  ,    2.4911078669772643E-013  ,    2.4911078669772643E-013  ,    2.4911078669772643E-013  ,    2.4911078669772643E-013  ,    2.4911078669772643E-013  ,    2.4911078669772643E-013  , 
   97.030000000000001       ,    8.7946305304462133E-012  ,    8.7946305304462133E-012  ,    8.7946305304462133E-012  ,    8.7946305304462133E-012  ,    8.7946305304462133E-012  ,    8.7946305304462133E-012  ,    8.6824370883573148E-010  ,    8.6824370883573148E-010  ,    8.6824370883573148E-010  ,    8.6824370883573148E-010  ,    8.6824370883573148E-010  ,    8.6824370883573148E-010  ,    2.4915041425460597E-013  ,    2.4915041425460597E-013  ,    2.4915041425460597E-013  ,    2.4915041425460597E-013  ,    2.4915041425460597E-013  ,    2.4915041425460597E-013  , 
   98.019999999999996       ,    8.7938202232572907E-012  ,    8.7938202232572907E-012  ,    8.7938202232572907E-012  ,    8.7938202232572907E-012  ,    8.7938202232572907E-012  ,    8.7938202232572907E-012  ,    8.6834252654208779E-010  ,    8.6834252654208779E-010  ,    8.6834252654208779E-010  ,    8.6834252654208779E-010  ,    8.6834252654208779E-010  ,    8.6834252654208779E-010  ,    2.4918925495760713E-013  ,    2.4918925495760713E-013  ,    2.4918925495760713E-013  ,    2.4918925495760713E-013  ,    2.4918925495760713E-013  ,    2.4918925495760713E-013  , 
   99.010000000000005       ,    8.7930276460132067E-012  ,    8.7930276460132067E-012  ,    8.7930276460132067E-012  ,    8.7930276460132067E-012  ,    8.7930276460132067E-012  ,    8.7930276460132067E-012  ,    8.6843942061738430E-010  ,    8.6843942061738430E-010  ,    8.6843942061738430E-010  ,    8.6843942061738430E-010  ,    8.6843942061738430E-010  ,    8.6843942061738430E-010  ,    2.4922733200965166E-013  ,    2.4922733200965166E-013  ,    2.4922733200965166E-013  ,    2.4922733200965166E-013  ,    2.4922733200965166E-013  ,    2.4922733200965166E-013  , 
   100.00000000000000       ,    8.7922522267299399E-012  ,    8.7922522267299399E-012  ,    8.7922522267299399E-012  ,    8.7922522267299399E-012  ,    8.7922522267299399E-012  ,    8.7922522267299399E-012  ,    8.6853444666992344E-010  ,    8.6853444666992344E-010  ,    8.6853444666992344E-010  ,    8.6853444666992344E-010  ,    8.6853444666992344E-010  ,    8.6853444666992344E-010  ,    2.4926466771036307E-013  ,    2.4926466771036307E-013  ,    2.4926466771036307E-013  ,    2.4926466771036307E-013  ,    2.4926466771036307E-013  ,    2.4926466771036307E-013  , 
