 x ,            1  ,            2  ,           30  ,            3  ,            4  ,            5  ,            6  ,            7  ,            8  ,            9  ,           10  ,           11  ,           12  ,           13  ,           14  ,           15  ,           16  ,           17  ,           18  ,           19  ,           20  ,           21  ,           22  ,           23  ,           24  ,           25  ,           26  ,           27  ,           28  ,           29  ,           31  , 
   1.0000000000000000       ,    4.4345581356612237E-017  ,    4.4345581356612237E-017  ,    0.0000000000000000       ,    3.2096631122337793E-013  ,    3.2096631122337793E-013  ,    3.2096631122337793E-013  ,    3.2096631122337793E-013  ,    3.2096631122337793E-013  ,    3.2096631122337793E-013  ,    3.2096631122337793E-013  ,    3.2096631122337793E-013  ,    3.7579529004935112E-009  ,    3.7579529004935112E-009  ,    3.7579529004935112E-009  ,    3.7579529004935112E-009  ,    3.7579529004935112E-009  ,    3.7579529004935112E-009  ,    3.7579529004935112E-009  ,    3.7579529004935112E-009  ,    3.7579529004935112E-009  ,    3.7579529004935112E-009  ,    3.7579529004935112E-009  ,    3.7579529004935112E-009  ,    3.7579529004935112E-009  ,    3.7579529004935112E-009  ,    3.7579529004935112E-009  ,    3.7579529004935112E-009  ,    3.7579529004935112E-009  ,    3.7579529004935112E-009  ,    3.7579529004935112E-009  ,    0.0000000000000000       , 
   2.0000000000000000       ,    9.1766228911573651E-017  ,    9.1766228911573651E-017  ,    0.0000000000000000       ,    6.5664122141701762E-013  ,    6.5664122141701762E-013  ,    6.5664122141701762E-013  ,    6.5664122141701762E-013  ,    6.5664122141701762E-013  ,    6.5664122141701762E-013  ,    6.5664122141701762E-013  ,    6.5664122141701762E-013  ,    6.4367875600229344E-009  ,    6.4367875600229344E-009  ,    6.4367875600229344E-009  ,    6.4367875600229344E-009  ,    6.4367875600229344E-009  ,    6.4367875600229344E-009  ,    6.4367875600229344E-009  ,    6.4367875600229344E-009  ,    6.4367875600229344E-009  ,    6.4367875600229344E-009  ,    6.4367875600229344E-009  ,    6.4367875600229344E-009  ,    6.4367875600229344E-009  ,    6.4367875600229344E-009  ,    6.4367875600229344E-009  ,    6.4367875600229344E-009  ,    6.4367875600229344E-009  ,    6.4367875600229344E-009  ,    6.4367875600229344E-009  ,    0.0000000000000000       , 
   3.0000000000000000       ,    1.2783480145064433E-016  ,    1.2783480145064433E-016  ,    0.0000000000000000       ,    9.0832442370752862E-013  ,    9.0832442370752862E-013  ,    9.0832442370752862E-013  ,    9.0832442370752862E-013  ,    9.0832442370752862E-013  ,    9.0832442370752862E-013  ,    9.0832442370752862E-013  ,    9.0832442370752862E-013  ,    8.2023595569426618E-009  ,    8.2023595569426618E-009  ,    8.2023595569426618E-009  ,    8.2023595569426618E-009  ,    8.2023595569426618E-009  ,    8.2023595569426618E-009  ,    8.2023595569426618E-009  ,    8.2023595569426618E-009  ,    8.2023595569426618E-009  ,    8.2023595569426618E-009  ,    8.2023595569426618E-009  ,    8.2023595569426618E-009  ,    8.2023595569426618E-009  ,    8.2023595569426618E-009  ,    8.2023595569426618E-009  ,    8.2023595569426618E-009  ,    8.2023595569426618E-009  ,    8.2023595569426618E-009  ,    8.2023595569426618E-009  ,    0.0000000000000000       , 
   4.0000000000000000       ,    1.5417241941166434E-016  ,    1.5417241941166434E-016  ,    0.0000000000000000       ,    1.0907068850767176E-012  ,    1.0907068850767176E-012  ,    1.0907068850767176E-012  ,    1.0907068850767176E-012  ,    1.0907068850767176E-012  ,    1.0907068850767176E-012  ,    1.0907068850767176E-012  ,    1.0907068850767176E-012  ,    9.4106953615440834E-009  ,    9.4106953615440834E-009  ,    9.4106953615440834E-009  ,    9.4106953615440834E-009  ,    9.4106953615440834E-009  ,    9.4106953615440834E-009  ,    9.4106953615440834E-009  ,    9.4106953615440834E-009  ,    9.4106953615440834E-009  ,    9.4106953615440834E-009  ,    9.4106953615440834E-009  ,    9.4106953615440834E-009  ,    9.4106953615440834E-009  ,    9.4106953615440834E-009  ,    9.4106953615440834E-009  ,    9.4106953615440834E-009  ,    9.4106953615440834E-009  ,    9.4106953615440834E-009  ,    9.4106953615440834E-009  ,    0.0000000000000000       , 
   5.0000000000000000       ,    1.7385382842039775E-016  ,    1.7385382842039775E-016  ,    0.0000000000000000       ,    1.2263634986516387E-012  ,    1.2263634986516387E-012  ,    1.2263634986516387E-012  ,    1.2263634986516387E-012  ,    1.2263634986516387E-012  ,    1.2263634986516387E-012  ,    1.2263634986516387E-012  ,    1.2263634986516387E-012  ,    1.0284671710322629E-008  ,    1.0284671710322629E-008  ,    1.0284671710322629E-008  ,    1.0284671710322629E-008  ,    1.0284671710322629E-008  ,    1.0284671710322629E-008  ,    1.0284671710322629E-008  ,    1.0284671710322629E-008  ,    1.0284671710322629E-008  ,    1.0284671710322629E-008  ,    1.0284671710322629E-008  ,    1.0284671710322629E-008  ,    1.0284671710322629E-008  ,    1.0284671710322629E-008  ,    1.0284671710322629E-008  ,    1.0284671710322629E-008  ,    1.0284671710322629E-008  ,    1.0284671710322629E-008  ,    1.0284671710322629E-008  ,    0.0000000000000000       , 
   6.0000000000000000       ,    1.8900105239961769E-016  ,    1.8900105239961769E-016  ,    0.0000000000000000       ,    1.3304455413344542E-012  ,    1.3304455413344542E-012  ,    1.3304455413344542E-012  ,    1.3304455413344542E-012  ,    1.3304455413344542E-012  ,    1.3304455413344542E-012  ,    1.3304455413344542E-012  ,    1.3304455413344542E-012  ,    1.0945408631255738E-008  ,    1.0945408631255738E-008  ,    1.0945408631255738E-008  ,    1.0945408631255738E-008  ,    1.0945408631255738E-008  ,    1.0945408631255738E-008  ,    1.0945408631255738E-008  ,    1.0945408631255738E-008  ,    1.0945408631255738E-008  ,    1.0945408631255738E-008  ,    1.0945408631255738E-008  ,    1.0945408631255738E-008  ,    1.0945408631255738E-008  ,    1.0945408631255738E-008  ,    1.0945408631255738E-008  ,    1.0945408631255738E-008  ,    1.0945408631255738E-008  ,    1.0945408631255738E-008  ,    1.0945408631255738E-008  ,    0.0000000000000000       , 
   7.0000000000000000       ,    2.0097486301271066E-016  ,    2.0097486301271066E-016  ,    0.0000000000000000       ,    1.4125430613931759E-012  ,    1.4125430613931759E-012  ,    1.4125430613931759E-012  ,    1.4125430613931759E-012  ,    1.4125430613931759E-012  ,    1.4125430613931759E-012  ,    1.4125430613931759E-012  ,    1.4125430613931759E-012  ,    1.1462358190475199E-008  ,    1.1462358190475199E-008  ,    1.1462358190475199E-008  ,    1.1462358190475199E-008  ,    1.1462358190475199E-008  ,    1.1462358190475199E-008  ,    1.1462358190475199E-008  ,    1.1462358190475199E-008  ,    1.1462358190475199E-008  ,    1.1462358190475199E-008  ,    1.1462358190475199E-008  ,    1.1462358190475199E-008  ,    1.1462358190475199E-008  ,    1.1462358190475199E-008  ,    1.1462358190475199E-008  ,    1.1462358190475199E-008  ,    1.1462358190475199E-008  ,    1.1462358190475199E-008  ,    1.1462358190475199E-008  ,    0.0000000000000000       , 
   8.0000000000000000       ,    2.1065875438170007E-016  ,    2.1065875438170007E-016  ,    0.0000000000000000       ,    1.4788337994088460E-012  ,    1.4788337994088460E-012  ,    1.4788337994088460E-012  ,    1.4788337994088460E-012  ,    1.4788337994088460E-012  ,    1.4788337994088460E-012  ,    1.4788337994088460E-012  ,    1.4788337994088460E-012  ,    1.1877869722909916E-008  ,    1.1877869722909916E-008  ,    1.1877869722909916E-008  ,    1.1877869722909916E-008  ,    1.1877869722909916E-008  ,    1.1877869722909916E-008  ,    1.1877869722909916E-008  ,    1.1877869722909916E-008  ,    1.1877869722909916E-008  ,    1.1877869722909916E-008  ,    1.1877869722909916E-008  ,    1.1877869722909916E-008  ,    1.1877869722909916E-008  ,    1.1877869722909916E-008  ,    1.1877869722909916E-008  ,    1.1877869722909916E-008  ,    1.1877869722909916E-008  ,    1.1877869722909916E-008  ,    1.1877869722909916E-008  ,    0.0000000000000000       , 
   9.0000000000000000       ,    2.1864301359282019E-016  ,    2.1864301359282019E-016  ,    0.0000000000000000       ,    1.5334234355489781E-012  ,    1.5334234355489781E-012  ,    1.5334234355489781E-012  ,    1.5334234355489781E-012  ,    1.5334234355489781E-012  ,    1.5334234355489781E-012  ,    1.5334234355489781E-012  ,    1.5334234355489781E-012  ,    1.2219166658609216E-008  ,    1.2219166658609216E-008  ,    1.2219166658609216E-008  ,    1.2219166658609216E-008  ,    1.2219166658609216E-008  ,    1.2219166658609216E-008  ,    1.2219166658609216E-008  ,    1.2219166658609216E-008  ,    1.2219166658609216E-008  ,    1.2219166658609216E-008  ,    1.2219166658609216E-008  ,    1.2219166658609216E-008  ,    1.2219166658609216E-008  ,    1.2219166658609216E-008  ,    1.2219166658609216E-008  ,    1.2219166658609216E-008  ,    1.2219166658609216E-008  ,    1.2219166658609216E-008  ,    1.2219166658609216E-008  ,    0.0000000000000000       , 
   10.000000000000000       ,    2.2533413448343273E-016  ,    2.2533413448343273E-016  ,    0.0000000000000000       ,    1.5791284643238986E-012  ,    1.5791284643238986E-012  ,    1.5791284643238986E-012  ,    1.5791284643238986E-012  ,    1.5791284643238986E-012  ,    1.5791284643238986E-012  ,    1.5791284643238986E-012  ,    1.5791284643238986E-012  ,    1.2504530554996057E-008  ,    1.2504530554996057E-008  ,    1.2504530554996057E-008  ,    1.2504530554996057E-008  ,    1.2504530554996057E-008  ,    1.2504530554996057E-008  ,    1.2504530554996057E-008  ,    1.2504530554996057E-008  ,    1.2504530554996057E-008  ,    1.2504530554996057E-008  ,    1.2504530554996057E-008  ,    1.2504530554996057E-008  ,    1.2504530554996057E-008  ,    1.2504530554996057E-008  ,    1.2504530554996057E-008  ,    1.2504530554996057E-008  ,    1.2504530554996057E-008  ,    1.2504530554996057E-008  ,    1.2504530554996057E-008  ,    0.0000000000000000       , 
   11.000000000000000       ,    2.3102002002013351E-016  ,    2.3102002002013351E-016  ,    0.0000000000000000       ,    1.6179379046771624E-012  ,    1.6179379046771624E-012  ,    1.6179379046771624E-012  ,    1.6179379046771624E-012  ,    1.6179379046771624E-012  ,    1.6179379046771624E-012  ,    1.6179379046771624E-012  ,    1.6179379046771624E-012  ,    1.2746690613512231E-008  ,    1.2746690613512231E-008  ,    1.2746690613512231E-008  ,    1.2746690613512231E-008  ,    1.2746690613512231E-008  ,    1.2746690613512231E-008  ,    1.2746690613512231E-008  ,    1.2746690613512231E-008  ,    1.2746690613512231E-008  ,    1.2746690613512231E-008  ,    1.2746690613512231E-008  ,    1.2746690613512231E-008  ,    1.2746690613512231E-008  ,    1.2746690613512231E-008  ,    1.2746690613512231E-008  ,    1.2746690613512231E-008  ,    1.2746690613512231E-008  ,    1.2746690613512231E-008  ,    1.2746690613512231E-008  ,    0.0000000000000000       , 
   12.000000000000000       ,    2.3590977180193522E-016  ,    2.3590977180193522E-016  ,    0.0000000000000000       ,    1.6512930829769430E-012  ,    1.6512930829769430E-012  ,    1.6512930829769430E-012  ,    1.6512930829769430E-012  ,    1.6512930829769430E-012  ,    1.6512930829769430E-012  ,    1.6512930829769430E-012  ,    1.6512930829769430E-012  ,    1.2954782570719520E-008  ,    1.2954782570719520E-008  ,    1.2954782570719520E-008  ,    1.2954782570719520E-008  ,    1.2954782570719520E-008  ,    1.2954782570719520E-008  ,    1.2954782570719520E-008  ,    1.2954782570719520E-008  ,    1.2954782570719520E-008  ,    1.2954782570719520E-008  ,    1.2954782570719520E-008  ,    1.2954782570719520E-008  ,    1.2954782570719520E-008  ,    1.2954782570719520E-008  ,    1.2954782570719520E-008  ,    1.2954782570719520E-008  ,    1.2954782570719520E-008  ,    1.2954782570719520E-008  ,    1.2954782570719520E-008  ,    0.0000000000000000       , 
   13.000000000000000       ,    2.4015867452717027E-016  ,    2.4015867452717027E-016  ,    0.0000000000000000       ,    1.6802624163965826E-012  ,    1.6802624163965826E-012  ,    1.6802624163965826E-012  ,    1.6802624163965826E-012  ,    1.6802624163965826E-012  ,    1.6802624163965826E-012  ,    1.6802624163965826E-012  ,    1.6802624163965826E-012  ,    1.3135533520228824E-008  ,    1.3135533520228824E-008  ,    1.3135533520228824E-008  ,    1.3135533520228824E-008  ,    1.3135533520228824E-008  ,    1.3135533520228824E-008  ,    1.3135533520228824E-008  ,    1.3135533520228824E-008  ,    1.3135533520228824E-008  ,    1.3135533520228824E-008  ,    1.3135533520228824E-008  ,    1.3135533520228824E-008  ,    1.3135533520228824E-008  ,    1.3135533520228824E-008  ,    1.3135533520228824E-008  ,    1.3135533520228824E-008  ,    1.3135533520228824E-008  ,    1.3135533520228824E-008  ,    1.3135533520228824E-008  ,    0.0000000000000000       , 
   14.000000000000000       ,    2.4388433475251524E-016  ,    2.4388433475251524E-016  ,    0.0000000000000000       ,    1.7056538739258920E-012  ,    1.7056538739258920E-012  ,    1.7056538739258920E-012  ,    1.7056538739258920E-012  ,    1.7056538739258920E-012  ,    1.7056538739258920E-012  ,    1.7056538739258920E-012  ,    1.7056538739258920E-012  ,    1.3294007037184323E-008  ,    1.3294007037184323E-008  ,    1.3294007037184323E-008  ,    1.3294007037184323E-008  ,    1.3294007037184323E-008  ,    1.3294007037184323E-008  ,    1.3294007037184323E-008  ,    1.3294007037184323E-008  ,    1.3294007037184323E-008  ,    1.3294007037184323E-008  ,    1.3294007037184323E-008  ,    1.3294007037184323E-008  ,    1.3294007037184323E-008  ,    1.3294007037184323E-008  ,    1.3294007037184323E-008  ,    1.3294007037184323E-008  ,    1.3294007037184323E-008  ,    1.3294007037184323E-008  ,    1.3294007037184323E-008  ,    0.0000000000000000       , 
   15.000000000000000       ,    2.4717738551128598E-016  ,    2.4717738551128598E-016  ,    0.0000000000000000       ,    1.7280893399720815E-012  ,    1.7280893399720815E-012  ,    1.7280893399720815E-012  ,    1.7280893399720815E-012  ,    1.7280893399720815E-012  ,    1.7280893399720815E-012  ,    1.7280893399720815E-012  ,    1.7280893399720815E-012  ,    1.3434087774793250E-008  ,    1.3434087774793250E-008  ,    1.3434087774793250E-008  ,    1.3434087774793250E-008  ,    1.3434087774793250E-008  ,    1.3434087774793250E-008  ,    1.3434087774793250E-008  ,    1.3434087774793250E-008  ,    1.3434087774793250E-008  ,    1.3434087774793250E-008  ,    1.3434087774793250E-008  ,    1.3434087774793250E-008  ,    1.3434087774793250E-008  ,    1.3434087774793250E-008  ,    1.3434087774793250E-008  ,    1.3434087774793250E-008  ,    1.3434087774793250E-008  ,    1.3434087774793250E-008  ,    1.3434087774793250E-008  ,    0.0000000000000000       , 
   16.000000000000000       ,    2.5010876059404383E-016  ,    2.5010876059404383E-016  ,    0.0000000000000000       ,    1.7480550212822722E-012  ,    1.7480550212822722E-012  ,    1.7480550212822722E-012  ,    1.7480550212822722E-012  ,    1.7480550212822722E-012  ,    1.7480550212822722E-012  ,    1.7480550212822722E-012  ,    1.7480550212822722E-012  ,    1.3558805932935568E-008  ,    1.3558805932935568E-008  ,    1.3558805932935568E-008  ,    1.3558805932935568E-008  ,    1.3558805932935568E-008  ,    1.3558805932935568E-008  ,    1.3558805932935568E-008  ,    1.3558805932935568E-008  ,    1.3558805932935568E-008  ,    1.3558805932935568E-008  ,    1.3558805932935568E-008  ,    1.3558805932935568E-008  ,    1.3558805932935568E-008  ,    1.3558805932935568E-008  ,    1.3558805932935568E-008  ,    1.3558805932935568E-008  ,    1.3558805932935568E-008  ,    1.3558805932935568E-008  ,    1.3558805932935568E-008  ,    0.0000000000000000       , 
   17.000000000000000       ,    2.5273474752207953E-016  ,    2.5273474752207953E-016  ,    0.0000000000000000       ,    1.7659363887905267E-012  ,    1.7659363887905267E-012  ,    1.7659363887905267E-012  ,    1.7659363887905267E-012  ,    1.7659363887905267E-012  ,    1.7659363887905267E-012  ,    1.7659363887905267E-012  ,    1.7659363887905267E-012  ,    1.3670560109611636E-008  ,    1.3670560109611636E-008  ,    1.3670560109611636E-008  ,    1.3670560109611636E-008  ,    1.3670560109611636E-008  ,    1.3670560109611636E-008  ,    1.3670560109611636E-008  ,    1.3670560109611636E-008  ,    1.3670560109611636E-008  ,    1.3670560109611636E-008  ,    1.3670560109611636E-008  ,    1.3670560109611636E-008  ,    1.3670560109611636E-008  ,    1.3670560109611636E-008  ,    1.3670560109611636E-008  ,    1.3670560109611636E-008  ,    1.3670560109611636E-008  ,    1.3670560109611636E-008  ,    1.3670560109611636E-008  ,    0.0000000000000000       , 
   18.000000000000000       ,    2.5510056796714700E-016  ,    2.5510056796714700E-016  ,    0.0000000000000000       ,    1.7820428934236387E-012  ,    1.7820428934236387E-012  ,    1.7820428934236387E-012  ,    1.7820428934236387E-012  ,    1.7820428934236387E-012  ,    1.7820428934236387E-012  ,    1.7820428934236387E-012  ,    1.7820428934236387E-012  ,    1.3771273829132644E-008  ,    1.3771273829132644E-008  ,    1.3771273829132644E-008  ,    1.3771273829132644E-008  ,    1.3771273829132644E-008  ,    1.3771273829132644E-008  ,    1.3771273829132644E-008  ,    1.3771273829132644E-008  ,    1.3771273829132644E-008  ,    1.3771273829132644E-008  ,    1.3771273829132644E-008  ,    1.3771273829132644E-008  ,    1.3771273829132644E-008  ,    1.3771273829132644E-008  ,    1.3771273829132644E-008  ,    1.3771273829132644E-008  ,    1.3771273829132644E-008  ,    1.3771273829132644E-008  ,    1.3771273829132644E-008  ,    0.0000000000000000       , 
   19.000000000000000       ,    2.5724296080787760E-016  ,    2.5724296080787760E-016  ,    0.0000000000000000       ,    1.7966257705581497E-012  ,    1.7966257705581497E-012  ,    1.7966257705581497E-012  ,    1.7966257705581497E-012  ,    1.7966257705581497E-012  ,    1.7966257705581497E-012  ,    1.7966257705581497E-012  ,    1.7966257705581497E-012  ,    1.3862507693852759E-008  ,    1.3862507693852759E-008  ,    1.3862507693852759E-008  ,    1.3862507693852759E-008  ,    1.3862507693852759E-008  ,    1.3862507693852759E-008  ,    1.3862507693852759E-008  ,    1.3862507693852759E-008  ,    1.3862507693852759E-008  ,    1.3862507693852759E-008  ,    1.3862507693852759E-008  ,    1.3862507693852759E-008  ,    1.3862507693852759E-008  ,    1.3862507693852759E-008  ,    1.3862507693852759E-008  ,    1.3862507693852759E-008  ,    1.3862507693852759E-008  ,    1.3862507693852759E-008  ,    1.3862507693852759E-008  ,    0.0000000000000000       , 
   20.000000000000000       ,    2.5919207631234397E-016  ,    2.5919207631234397E-016  ,    0.0000000000000000       ,    1.8098910794909048E-012  ,    1.8098910794909048E-012  ,    1.8098910794909048E-012  ,    1.8098910794909048E-012  ,    1.8098910794909048E-012  ,    1.8098910794909048E-012  ,    1.8098910794909048E-012  ,    1.8098910794909048E-012  ,    1.3945541180136094E-008  ,    1.3945541180136094E-008  ,    1.3945541180136094E-008  ,    1.3945541180136094E-008  ,    1.3945541180136094E-008  ,    1.3945541180136094E-008  ,    1.3945541180136094E-008  ,    1.3945541180136094E-008  ,    1.3945541180136094E-008  ,    1.3945541180136094E-008  ,    1.3945541180136094E-008  ,    1.3945541180136094E-008  ,    1.3945541180136094E-008  ,    1.3945541180136094E-008  ,    1.3945541180136094E-008  ,    1.3945541180136094E-008  ,    1.3945541180136094E-008  ,    1.3945541180136094E-008  ,    1.3945541180136094E-008  ,    0.0000000000000000       , 
   21.000000000000000       ,    2.6097288593821146E-016  ,    2.6097288593821146E-016  ,    0.0000000000000000       ,    1.8220093976249947E-012  ,    1.8220093976249947E-012  ,    1.8220093976249947E-012  ,    1.8220093976249947E-012  ,    1.8220093976249947E-012  ,    1.8220093976249947E-012  ,    1.8220093976249947E-012  ,    1.8220093976249947E-012  ,    1.4021433254220263E-008  ,    1.4021433254220263E-008  ,    1.4021433254220263E-008  ,    1.4021433254220263E-008  ,    1.4021433254220263E-008  ,    1.4021433254220263E-008  ,    1.4021433254220263E-008  ,    1.4021433254220263E-008  ,    1.4021433254220263E-008  ,    1.4021433254220263E-008  ,    1.4021433254220263E-008  ,    1.4021433254220263E-008  ,    1.4021433254220263E-008  ,    1.4021433254220263E-008  ,    1.4021433254220263E-008  ,    1.4021433254220263E-008  ,    1.4021433254220263E-008  ,    1.4021433254220263E-008  ,    1.4021433254220263E-008  ,    0.0000000000000000       , 
   22.000000000000000       ,    2.6260624592818708E-016  ,    2.6260624592818708E-016  ,    0.0000000000000000       ,    1.8331231269032832E-012  ,    1.8331231269032832E-012  ,    1.8331231269032832E-012  ,    1.8331231269032832E-012  ,    1.8331231269032832E-012  ,    1.8331231269032832E-012  ,    1.8331231269032832E-012  ,    1.8331231269032832E-012  ,    1.4091067944282062E-008  ,    1.4091067944282062E-008  ,    1.4091067944282062E-008  ,    1.4091067944282062E-008  ,    1.4091067944282062E-008  ,    1.4091067944282062E-008  ,    1.4091067944282062E-008  ,    1.4091067944282062E-008  ,    1.4091067944282062E-008  ,    1.4091067944282062E-008  ,    1.4091067944282062E-008  ,    1.4091067944282062E-008  ,    1.4091067944282062E-008  ,    1.4091067944282062E-008  ,    1.4091067944282062E-008  ,    1.4091067944282062E-008  ,    1.4091067944282062E-008  ,    1.4091067944282062E-008  ,    1.4091067944282062E-008  ,    0.0000000000000000       , 
   23.000000000000000       ,    2.6410970972940061E-016  ,    2.6410970972940061E-016  ,    0.0000000000000000       ,    1.8433520699513914E-012  ,    1.8433520699513914E-012  ,    1.8433520699513914E-012  ,    1.8433520699513914E-012  ,    1.8433520699513914E-012  ,    1.8433520699513914E-012  ,    1.8433520699513914E-012  ,    1.8433520699513914E-012  ,    1.4155189053381570E-008  ,    1.4155189053381570E-008  ,    1.4155189053381570E-008  ,    1.4155189053381570E-008  ,    1.4155189053381570E-008  ,    1.4155189053381570E-008  ,    1.4155189053381570E-008  ,    1.4155189053381570E-008  ,    1.4155189053381570E-008  ,    1.4155189053381570E-008  ,    1.4155189053381570E-008  ,    1.4155189053381570E-008  ,    1.4155189053381570E-008  ,    1.4155189053381570E-008  ,    1.4155189053381570E-008  ,    1.4155189053381570E-008  ,    1.4155189053381570E-008  ,    1.4155189053381570E-008  ,    1.4155189053381570E-008  ,    0.0000000000000000       , 
   24.000000000000000       ,    2.6549815565853912E-016  ,    2.6549815565853912E-016  ,    0.0000000000000000       ,    1.8527977348272892E-012  ,    1.8527977348272892E-012  ,    1.8527977348272892E-012  ,    1.8527977348272892E-012  ,    1.8527977348272892E-012  ,    1.8527977348272892E-012  ,    1.8527977348272892E-012  ,    1.8527977348272892E-012  ,    1.4214426918063080E-008  ,    1.4214426918063080E-008  ,    1.4214426918063080E-008  ,    1.4214426918063080E-008  ,    1.4214426918063080E-008  ,    1.4214426918063080E-008  ,    1.4214426918063080E-008  ,    1.4214426918063080E-008  ,    1.4214426918063080E-008  ,    1.4214426918063080E-008  ,    1.4214426918063080E-008  ,    1.4214426918063080E-008  ,    1.4214426918063080E-008  ,    1.4214426918063080E-008  ,    1.4214426918063080E-008  ,    1.4214426918063080E-008  ,    1.4214426918063080E-008  ,    1.4214426918063080E-008  ,    1.4214426918063080E-008  ,    0.0000000000000000       , 
   25.000000000000000       ,    2.6678427693833221E-016  ,    2.6678427693833221E-016  ,    0.0000000000000000       ,    1.8615466935588980E-012  ,    1.8615466935588980E-012  ,    1.8615466935588980E-012  ,    1.8615466935588980E-012  ,    1.8615466935588980E-012  ,    1.8615466935588980E-012  ,    1.8615466935588980E-012  ,    1.8615466935588980E-012  ,    1.4269319261760054E-008  ,    1.4269319261760054E-008  ,    1.4269319261760054E-008  ,    1.4269319261760054E-008  ,    1.4269319261760054E-008  ,    1.4269319261760054E-008  ,    1.4269319261760054E-008  ,    1.4269319261760054E-008  ,    1.4269319261760054E-008  ,    1.4269319261760054E-008  ,    1.4269319261760054E-008  ,    1.4269319261760054E-008  ,    1.4269319261760054E-008  ,    1.4269319261760054E-008  ,    1.4269319261760054E-008  ,    1.4269319261760054E-008  ,    1.4269319261760054E-008  ,    1.4269319261760054E-008  ,    1.4269319261760054E-008  ,    0.0000000000000000       , 
   26.000000000000000       ,    2.6797896800565359E-016  ,    2.6797896800565359E-016  ,    0.0000000000000000       ,    1.8696732281281474E-012  ,    1.8696732281281474E-012  ,    1.8696732281281474E-012  ,    1.8696732281281474E-012  ,    1.8696732281281474E-012  ,    1.8696732281281474E-012  ,    1.8696732281281474E-012  ,    1.8696732281281474E-012  ,    1.4320327610063361E-008  ,    1.4320327610063361E-008  ,    1.4320327610063361E-008  ,    1.4320327610063361E-008  ,    1.4320327610063361E-008  ,    1.4320327610063361E-008  ,    1.4320327610063361E-008  ,    1.4320327610063361E-008  ,    1.4320327610063361E-008  ,    1.4320327610063361E-008  ,    1.4320327610063361E-008  ,    1.4320327610063361E-008  ,    1.4320327610063361E-008  ,    1.4320327610063361E-008  ,    1.4320327610063361E-008  ,    1.4320327610063361E-008  ,    1.4320327610063361E-008  ,    1.4320327610063361E-008  ,    1.4320327610063361E-008  ,    0.0000000000000000       , 
   27.000000000000000       ,    2.6909163179036090E-016  ,    2.6909163179036090E-016  ,    0.0000000000000000       ,    1.8772414339809590E-012  ,    1.8772414339809590E-012  ,    1.8772414339809590E-012  ,    1.8772414339809590E-012  ,    1.8772414339809590E-012  ,    1.8772414339809590E-012  ,    1.8772414339809590E-012  ,    1.8772414339809590E-012  ,    1.4367850332519815E-008  ,    1.4367850332519815E-008  ,    1.4367850332519815E-008  ,    1.4367850332519815E-008  ,    1.4367850332519815E-008  ,    1.4367850332519815E-008  ,    1.4367850332519815E-008  ,    1.4367850332519815E-008  ,    1.4367850332519815E-008  ,    1.4367850332519815E-008  ,    1.4367850332519815E-008  ,    1.4367850332519815E-008  ,    1.4367850332519815E-008  ,    1.4367850332519815E-008  ,    1.4367850332519815E-008  ,    1.4367850332519815E-008  ,    1.4367850332519815E-008  ,    1.4367850332519815E-008  ,    1.4367850332519815E-008  ,    0.0000000000000000       , 
   28.000000000000000       ,    2.7013042617580412E-016  ,    2.7013042617580412E-016  ,    0.0000000000000000       ,    1.8843069063459325E-012  ,    1.8843069063459325E-012  ,    1.8843069063459325E-012  ,    1.8843069063459325E-012  ,    1.8843069063459325E-012  ,    1.8843069063459325E-012  ,    1.8843069063459325E-012  ,    1.8843069063459325E-012  ,    1.4412233093301851E-008  ,    1.4412233093301851E-008  ,    1.4412233093301851E-008  ,    1.4412233093301851E-008  ,    1.4412233093301851E-008  ,    1.4412233093301851E-008  ,    1.4412233093301851E-008  ,    1.4412233093301851E-008  ,    1.4412233093301851E-008  ,    1.4412233093301851E-008  ,    1.4412233093301851E-008  ,    1.4412233093301851E-008  ,    1.4412233093301851E-008  ,    1.4412233093301851E-008  ,    1.4412233093301851E-008  ,    1.4412233093301851E-008  ,    1.4412233093301851E-008  ,    1.4412233093301851E-008  ,    1.4412233093301851E-008  ,    0.0000000000000000       , 
   29.000000000000000       ,    2.7110246321614179E-016  ,    2.7110246321614179E-016  ,    0.0000000000000000       ,    1.8909181026834833E-012  ,    1.8909181026834833E-012  ,    1.8909181026834833E-012  ,    1.8909181026834833E-012  ,    1.8909181026834833E-012  ,    1.8909181026834833E-012  ,    1.8909181026834833E-012  ,    1.8909181026834833E-012  ,    1.4453777292328143E-008  ,    1.4453777292328143E-008  ,    1.4453777292328143E-008  ,    1.4453777292328143E-008  ,    1.4453777292328143E-008  ,    1.4453777292328143E-008  ,    1.4453777292328143E-008  ,    1.4453777292328143E-008  ,    1.4453777292328143E-008  ,    1.4453777292328143E-008  ,    1.4453777292328143E-008  ,    1.4453777292328143E-008  ,    1.4453777292328143E-008  ,    1.4453777292328143E-008  ,    1.4453777292328143E-008  ,    1.4453777292328143E-008  ,    1.4453777292328143E-008  ,    1.4453777292328143E-008  ,    1.4453777292328143E-008  ,    0.0000000000000000       , 
   30.000000000000000       ,    2.7201397133460738E-016  ,    2.7201397133460738E-016  ,    0.0000000000000000       ,    1.8971174514961614E-012  ,    1.8971174514961614E-012  ,    1.8971174514961614E-012  ,    1.8971174514961614E-012  ,    1.8971174514961614E-012  ,    1.8971174514961614E-012  ,    1.8971174514961614E-012  ,    1.8971174514961614E-012  ,    1.4492746933814930E-008  ,    1.4492746933814930E-008  ,    1.4492746933814930E-008  ,    1.4492746933814930E-008  ,    1.4492746933814930E-008  ,    1.4492746933814930E-008  ,    1.4492746933814930E-008  ,    1.4492746933814930E-008  ,    1.4492746933814930E-008  ,    1.4492746933814930E-008  ,    1.4492746933814930E-008  ,    1.4492746933814930E-008  ,    1.4492746933814930E-008  ,    1.4492746933814930E-008  ,    1.4492746933814930E-008  ,    1.4492746933814930E-008  ,    1.4492746933814930E-008  ,    1.4492746933814930E-008  ,    1.4492746933814930E-008  ,    0.0000000000000000       , 
   31.000000000000000       ,    2.7287042827747839E-016  ,    2.7287042827747839E-016  ,    0.0000000000000000       ,    1.9029422608725832E-012  ,    1.9029422608725832E-012  ,    1.9029422608725832E-012  ,    1.9029422608725832E-012  ,    1.9029422608725832E-012  ,    1.9029422608725832E-012  ,    1.9029422608725832E-012  ,    1.9029422608725832E-012  ,    1.4529374253878906E-008  ,    1.4529374253878906E-008  ,    1.4529374253878906E-008  ,    1.4529374253878906E-008  ,    1.4529374253878906E-008  ,    1.4529374253878906E-008  ,    1.4529374253878906E-008  ,    1.4529374253878906E-008  ,    1.4529374253878906E-008  ,    1.4529374253878906E-008  ,    1.4529374253878906E-008  ,    1.4529374253878906E-008  ,    1.4529374253878906E-008  ,    1.4529374253878906E-008  ,    1.4529374253878906E-008  ,    1.4529374253878906E-008  ,    1.4529374253878906E-008  ,    1.4529374253878906E-008  ,    1.4529374253878906E-008  ,    0.0000000000000000       , 
   32.000000000000000       ,    2.7367667078887663E-016  ,    2.7367667078887663E-016  ,    0.0000000000000000       ,    1.9084254676886701E-012  ,    1.9084254676886701E-012  ,    1.9084254676886701E-012  ,    1.9084254676886701E-012  ,    1.9084254676886701E-012  ,    1.9084254676886701E-012  ,    1.9084254676886701E-012  ,    1.9084254676886701E-012  ,    1.4563864361201686E-008  ,    1.4563864361201686E-008  ,    1.4563864361201686E-008  ,    1.4563864361201686E-008  ,    1.4563864361201686E-008  ,    1.4563864361201686E-008  ,    1.4563864361201686E-008  ,    1.4563864361201686E-008  ,    1.4563864361201686E-008  ,    1.4563864361201686E-008  ,    1.4563864361201686E-008  ,    1.4563864361201686E-008  ,    1.4563864361201686E-008  ,    1.4563864361201686E-008  ,    1.4563864361201686E-008  ,    1.4563864361201686E-008  ,    1.4563864361201686E-008  ,    1.4563864361201686E-008  ,    1.4563864361201686E-008  ,    0.0000000000000000       , 
   33.000000000000000       ,    2.7443698562181431E-016  ,    2.7443698562181431E-016  ,    0.0000000000000000       ,    1.9135962591131248E-012  ,    1.9135962591131248E-012  ,    1.9135962591131248E-012  ,    1.9135962591131248E-012  ,    1.9135962591131248E-012  ,    1.9135962591131248E-012  ,    1.9135962591131248E-012  ,    1.9135962591131248E-012  ,    1.4596399087020840E-008  ,    1.4596399087020840E-008  ,    1.4596399087020840E-008  ,    1.4596399087020840E-008  ,    1.4596399087020840E-008  ,    1.4596399087020840E-008  ,    1.4596399087020840E-008  ,    1.4596399087020840E-008  ,    1.4596399087020840E-008  ,    1.4596399087020840E-008  ,    1.4596399087020840E-008  ,    1.4596399087020840E-008  ,    1.4596399087020840E-008  ,    1.4596399087020840E-008  ,    1.4596399087020840E-008  ,    1.4596399087020840E-008  ,    1.4596399087020840E-008  ,    1.4596399087020840E-008  ,    1.4596399087020840E-008  ,    0.0000000000000000       , 
   34.000000000000000       ,    2.7515518548528317E-016  ,    2.7515518548528317E-016  ,    0.0000000000000000       ,    1.9184805910875781E-012  ,    1.9184805910875781E-012  ,    1.9184805910875781E-012  ,    1.9184805910875781E-012  ,    1.9184805910875781E-012  ,    1.9184805910875781E-012  ,    1.9184805910875781E-012  ,    1.9184805910875781E-012  ,    1.4627140197321076E-008  ,    1.4627140197321076E-008  ,    1.4627140197321076E-008  ,    1.4627140197321076E-008  ,    1.4627140197321076E-008  ,    1.4627140197321076E-008  ,    1.4627140197321076E-008  ,    1.4627140197321076E-008  ,    1.4627140197321076E-008  ,    1.4627140197321076E-008  ,    1.4627140197321076E-008  ,    1.4627140197321076E-008  ,    1.4627140197321076E-008  ,    1.4627140197321076E-008  ,    1.4627140197321076E-008  ,    1.4627140197321076E-008  ,    1.4627140197321076E-008  ,    1.4627140197321076E-008  ,    1.4627140197321076E-008  ,    0.0000000000000000       , 
   35.000000000000000       ,    2.7583467275538946E-016  ,    2.7583467275538946E-016  ,    0.0000000000000000       ,    1.9231016231534290E-012  ,    1.9231016231534290E-012  ,    1.9231016231534290E-012  ,    1.9231016231534290E-012  ,    1.9231016231534290E-012  ,    1.9231016231534290E-012  ,    1.9231016231534290E-012  ,    1.9231016231534290E-012  ,    1.4656232087220541E-008  ,    1.4656232087220541E-008  ,    1.4656232087220541E-008  ,    1.4656232087220541E-008  ,    1.4656232087220541E-008  ,    1.4656232087220541E-008  ,    1.4656232087220541E-008  ,    1.4656232087220541E-008  ,    1.4656232087220541E-008  ,    1.4656232087220541E-008  ,    1.4656232087220541E-008  ,    1.4656232087220541E-008  ,    1.4656232087220541E-008  ,    1.4656232087220541E-008  ,    1.4656232087220541E-008  ,    1.4656232087220541E-008  ,    1.4656232087220541E-008  ,    1.4656232087220541E-008  ,    1.4656232087220541E-008  ,    0.0000000000000000       , 
   36.000000000000000       ,    2.7647849318848268E-016  ,    2.7647849318848268E-016  ,    0.0000000000000000       ,    1.9274800849487575E-012  ,    1.9274800849487575E-012  ,    1.9274800849487575E-012  ,    1.9274800849487575E-012  ,    1.9274800849487575E-012  ,    1.9274800849487575E-012  ,    1.9274800849487575E-012  ,    1.9274800849487575E-012  ,    1.4683804052414445E-008  ,    1.4683804052414445E-008  ,    1.4683804052414445E-008  ,    1.4683804052414445E-008  ,    1.4683804052414445E-008  ,    1.4683804052414445E-008  ,    1.4683804052414445E-008  ,    1.4683804052414445E-008  ,    1.4683804052414445E-008  ,    1.4683804052414445E-008  ,    1.4683804052414445E-008  ,    1.4683804052414445E-008  ,    1.4683804052414445E-008  ,    1.4683804052414445E-008  ,    1.4683804052414445E-008  ,    1.4683804052414445E-008  ,    1.4683804052414445E-008  ,    1.4683804052414445E-008  ,    1.4683804052414445E-008  ,    0.0000000000000000       , 
   37.000000000000000       ,    2.7708938141853327E-016  ,    2.7708938141853327E-016  ,    0.0000000000000000       ,    1.9316345865728518E-012  ,    1.9316345865728518E-012  ,    1.9316345865728518E-012  ,    1.9316345865728518E-012  ,    1.9316345865728518E-012  ,    1.9316345865728518E-012  ,    1.9316345865728518E-012  ,    1.9316345865728518E-012  ,    1.4709972213178708E-008  ,    1.4709972213178708E-008  ,    1.4709972213178708E-008  ,    1.4709972213178708E-008  ,    1.4709972213178708E-008  ,    1.4709972213178708E-008  ,    1.4709972213178708E-008  ,    1.4709972213178708E-008  ,    1.4709972213178708E-008  ,    1.4709972213178708E-008  ,    1.4709972213178708E-008  ,    1.4709972213178708E-008  ,    1.4709972213178708E-008  ,    1.4709972213178708E-008  ,    1.4709972213178708E-008  ,    1.4709972213178708E-008  ,    1.4709972213178708E-008  ,    1.4709972213178708E-008  ,    1.4709972213178708E-008  ,    0.0000000000000000       , 
   38.000000000000000       ,    2.7766979966731465E-016  ,    2.7766979966731465E-016  ,    0.0000000000000000       ,    1.9355818825940920E-012  ,    1.9355818825940920E-012  ,    1.9355818825940920E-012  ,    1.9355818825940920E-012  ,    1.9355818825940920E-012  ,    1.9355818825940920E-012  ,    1.9355818825940920E-012  ,    1.9355818825940920E-012  ,    1.4734841151405032E-008  ,    1.4734841151405032E-008  ,    1.4734841151405032E-008  ,    1.4734841151405032E-008  ,    1.4734841151405032E-008  ,    1.4734841151405032E-008  ,    1.4734841151405032E-008  ,    1.4734841151405032E-008  ,    1.4734841151405032E-008  ,    1.4734841151405032E-008  ,    1.4734841151405032E-008  ,    1.4734841151405032E-008  ,    1.4734841151405032E-008  ,    1.4734841151405032E-008  ,    1.4734841151405032E-008  ,    1.4734841151405032E-008  ,    1.4734841151405032E-008  ,    1.4734841151405032E-008  ,    1.4734841151405032E-008  ,    0.0000000000000000       , 
   39.000000000000000       ,    2.7822197081918447E-016  ,    2.7822197081918447E-016  ,    0.0000000000000000       ,    1.9393370975756714E-012  ,    1.9393370975756714E-012  ,    1.9393370975756714E-012  ,    1.9393370975756714E-012  ,    1.9393370975756714E-012  ,    1.9393370975756714E-012  ,    1.9393370975756714E-012  ,    1.9393370975756714E-012  ,    1.4758505309414524E-008  ,    1.4758505309414524E-008  ,    1.4758505309414524E-008  ,    1.4758505309414524E-008  ,    1.4758505309414524E-008  ,    1.4758505309414524E-008  ,    1.4758505309414524E-008  ,    1.4758505309414524E-008  ,    1.4758505309414524E-008  ,    1.4758505309414524E-008  ,    1.4758505309414524E-008  ,    1.4758505309414524E-008  ,    1.4758505309414524E-008  ,    1.4758505309414524E-008  ,    1.4758505309414524E-008  ,    1.4758505309414524E-008  ,    1.4758505309414524E-008  ,    1.4758505309414524E-008  ,    1.4758505309414524E-008  ,    0.0000000000000000       , 
   40.000000000000000       ,    2.7874790679423364E-016  ,    2.7874790679423364E-016  ,    0.0000000000000000       ,    1.9429139195068726E-012  ,    1.9429139195068726E-012  ,    1.9429139195068726E-012  ,    1.9429139195068726E-012  ,    1.9429139195068726E-012  ,    1.9429139195068726E-012  ,    1.9429139195068726E-012  ,    1.9429139195068726E-012  ,    1.4781050190034933E-008  ,    1.4781050190034933E-008  ,    1.4781050190034933E-008  ,    1.4781050190034933E-008  ,    1.4781050190034933E-008  ,    1.4781050190034933E-008  ,    1.4781050190034933E-008  ,    1.4781050190034933E-008  ,    1.4781050190034933E-008  ,    1.4781050190034933E-008  ,    1.4781050190034933E-008  ,    1.4781050190034933E-008  ,    1.4781050190034933E-008  ,    1.4781050190034933E-008  ,    1.4781050190034933E-008  ,    1.4781050190034933E-008  ,    1.4781050190034933E-008  ,    1.4781050190034933E-008  ,    1.4781050190034933E-008  ,    0.0000000000000000       , 
   41.000000000000000       ,    2.7924943298104053E-016  ,    2.7924943298104053E-016  ,    0.0000000000000000       ,    1.9463247663398476E-012  ,    1.9463247663398476E-012  ,    1.9463247663398476E-012  ,    1.9463247663398476E-012  ,    1.9463247663398476E-012  ,    1.9463247663398476E-012  ,    1.9463247663398476E-012  ,    1.9463247663398476E-012  ,    1.4802553390138106E-008  ,    1.4802553390138106E-008  ,    1.4802553390138106E-008  ,    1.4802553390138106E-008  ,    1.4802553390138106E-008  ,    1.4802553390138106E-008  ,    1.4802553390138106E-008  ,    1.4802553390138106E-008  ,    1.4802553390138106E-008  ,    1.4802553390138106E-008  ,    1.4802553390138106E-008  ,    1.4802553390138106E-008  ,    1.4802553390138106E-008  ,    1.4802553390138106E-008  ,    1.4802553390138106E-008  ,    1.4802553390138106E-008  ,    1.4802553390138106E-008  ,    1.4802553390138106E-008  ,    1.4802553390138106E-008  ,    0.0000000000000000       , 
   42.000000000000000       ,    2.7972820935261187E-016  ,    2.7972820935261187E-016  ,    0.0000000000000000       ,    1.9495809298952722E-012  ,    1.9495809298952722E-012  ,    1.9495809298952722E-012  ,    1.9495809298952722E-012  ,    1.9495809298952722E-012  ,    1.9495809298952722E-012  ,    1.9495809298952722E-012  ,    1.9495809298952722E-012  ,    1.4823085493988910E-008  ,    1.4823085493988910E-008  ,    1.4823085493988910E-008  ,    1.4823085493988910E-008  ,    1.4823085493988910E-008  ,    1.4823085493988910E-008  ,    1.4823085493988910E-008  ,    1.4823085493988910E-008  ,    1.4823085493988910E-008  ,    1.4823085493988910E-008  ,    1.4823085493988910E-008  ,    1.4823085493988910E-008  ,    1.4823085493988910E-008  ,    1.4823085493988910E-008  ,    1.4823085493988910E-008  ,    1.4823085493988910E-008  ,    1.4823085493988910E-008  ,    1.4823085493988910E-008  ,    1.4823085493988910E-008  ,    0.0000000000000000       , 
   43.000000000000000       ,    2.8018574877890963E-016  ,    2.8018574877890963E-016  ,    0.0000000000000000       ,    1.9526927006425757E-012  ,    1.9526927006425757E-012  ,    1.9526927006425757E-012  ,    1.9526927006425757E-012  ,    1.9526927006425757E-012  ,    1.9526927006425757E-012  ,    1.9526927006425757E-012  ,    1.9526927006425757E-012  ,    1.4842710848114128E-008  ,    1.4842710848114128E-008  ,    1.4842710848114128E-008  ,    1.4842710848114128E-008  ,    1.4842710848114128E-008  ,    1.4842710848114128E-008  ,    1.4842710848114128E-008  ,    1.4842710848114128E-008  ,    1.4842710848114128E-008  ,    1.4842710848114128E-008  ,    1.4842710848114128E-008  ,    1.4842710848114128E-008  ,    1.4842710848114128E-008  ,    1.4842710848114128E-008  ,    1.4842710848114128E-008  ,    1.4842710848114128E-008  ,    1.4842710848114128E-008  ,    1.4842710848114128E-008  ,    1.4842710848114128E-008  ,    0.0000000000000000       , 
   44.000000000000000       ,    2.8062343296059427E-016  ,    2.8062343296059427E-016  ,    0.0000000000000000       ,    1.9556694762554130E-012  ,    1.9556694762554130E-012  ,    1.9556694762554130E-012  ,    1.9556694762554130E-012  ,    1.9556694762554130E-012  ,    1.9556694762554130E-012  ,    1.9556694762554130E-012  ,    1.9556694762554130E-012  ,    1.4861488235620829E-008  ,    1.4861488235620829E-008  ,    1.4861488235620829E-008  ,    1.4861488235620829E-008  ,    1.4861488235620829E-008  ,    1.4861488235620829E-008  ,    1.4861488235620829E-008  ,    1.4861488235620829E-008  ,    1.4861488235620829E-008  ,    1.4861488235620829E-008  ,    1.4861488235620829E-008  ,    1.4861488235620829E-008  ,    1.4861488235620829E-008  ,    1.4861488235620829E-008  ,    1.4861488235620829E-008  ,    1.4861488235620829E-008  ,    1.4861488235620829E-008  ,    1.4861488235620829E-008  ,    1.4861488235620829E-008  ,    0.0000000000000000       , 
   45.000000000000000       ,    2.8104252633655102E-016  ,    2.8104252633655102E-016  ,    0.0000000000000000       ,    1.9585198563495659E-012  ,    1.9585198563495659E-012  ,    1.9585198563495659E-012  ,    1.9585198563495659E-012  ,    1.9585198563495659E-012  ,    1.9585198563495659E-012  ,    1.9585198563495659E-012  ,    1.9585198563495659E-012  ,    1.4879471464874447E-008  ,    1.4879471464874447E-008  ,    1.4879471464874447E-008  ,    1.4879471464874447E-008  ,    1.4879471464874447E-008  ,    1.4879471464874447E-008  ,    1.4879471464874447E-008  ,    1.4879471464874447E-008  ,    1.4879471464874447E-008  ,    1.4879471464874447E-008  ,    1.4879471464874447E-008  ,    1.4879471464874447E-008  ,    1.4879471464874447E-008  ,    1.4879471464874447E-008  ,    1.4879471464874447E-008  ,    1.4879471464874447E-008  ,    1.4879471464874447E-008  ,    1.4879471464874447E-008  ,    1.4879471464874447E-008  ,    0.0000000000000000       , 
   46.000000000000000       ,    2.8144418825957023E-016  ,    2.8144418825957023E-016  ,    0.0000000000000000       ,    1.9612517254125763E-012  ,    1.9612517254125763E-012  ,    1.9612517254125763E-012  ,    1.9612517254125763E-012  ,    1.9612517254125763E-012  ,    1.9612517254125763E-012  ,    1.9612517254125763E-012  ,    1.9612517254125763E-012  ,    1.4896709884965137E-008  ,    1.4896709884965137E-008  ,    1.4896709884965137E-008  ,    1.4896709884965137E-008  ,    1.4896709884965137E-008  ,    1.4896709884965137E-008  ,    1.4896709884965137E-008  ,    1.4896709884965137E-008  ,    1.4896709884965137E-008  ,    1.4896709884965137E-008  ,    1.4896709884965137E-008  ,    1.4896709884965137E-008  ,    1.4896709884965137E-008  ,    1.4896709884965137E-008  ,    1.4896709884965137E-008  ,    1.4896709884965137E-008  ,    1.4896709884965137E-008  ,    1.4896709884965137E-008  ,    1.4896709884965137E-008  ,    0.0000000000000000       , 
   47.000000000000000       ,    2.8182948368645359E-016  ,    2.8182948368645359E-016  ,    0.0000000000000000       ,    1.9638723256059715E-012  ,    1.9638723256059715E-012  ,    1.9638723256059715E-012  ,    1.9638723256059715E-012  ,    1.9638723256059715E-012  ,    1.9638723256059715E-012  ,    1.9638723256059715E-012  ,    1.9638723256059715E-012  ,    1.4913248838365764E-008  ,    1.4913248838365764E-008  ,    1.4913248838365764E-008  ,    1.4913248838365764E-008  ,    1.4913248838365764E-008  ,    1.4913248838365764E-008  ,    1.4913248838365764E-008  ,    1.4913248838365764E-008  ,    1.4913248838365764E-008  ,    1.4913248838365764E-008  ,    1.4913248838365764E-008  ,    1.4913248838365764E-008  ,    1.4913248838365764E-008  ,    1.4913248838365764E-008  ,    1.4913248838365764E-008  ,    1.4913248838365764E-008  ,    1.4913248838365764E-008  ,    1.4913248838365764E-008  ,    1.4913248838365764E-008  ,    0.0000000000000000       , 
   48.000000000000000       ,    2.8219939258968578E-016  ,    2.8219939258968578E-016  ,    0.0000000000000000       ,    1.9663883208543528E-012  ,    1.9663883208543528E-012  ,    1.9663883208543528E-012  ,    1.9663883208543528E-012  ,    1.9663883208543528E-012  ,    1.9663883208543528E-012  ,    1.9663883208543528E-012  ,    1.9663883208543528E-012  ,    1.4929130059543537E-008  ,    1.4929130059543537E-008  ,    1.4929130059543537E-008  ,    1.4929130059543537E-008  ,    1.4929130059543537E-008  ,    1.4929130059543537E-008  ,    1.4929130059543537E-008  ,    1.4929130059543537E-008  ,    1.4929130059543537E-008  ,    1.4929130059543537E-008  ,    1.4929130059543537E-008  ,    1.4929130059543537E-008  ,    1.4929130059543537E-008  ,    1.4929130059543537E-008  ,    1.4929130059543537E-008  ,    1.4929130059543537E-008  ,    1.4929130059543537E-008  ,    1.4929130059543537E-008  ,    1.4929130059543537E-008  ,    0.0000000000000000       , 
   49.000000000000000       ,    2.8255481826557447E-016  ,    2.8255481826557447E-016  ,    0.0000000000000000       ,    1.9688058534127295E-012  ,    1.9688058534127295E-012  ,    1.9688058534127295E-012  ,    1.9688058534127295E-012  ,    1.9688058534127295E-012  ,    1.9688058534127295E-012  ,    1.9688058534127295E-012  ,    1.9688058534127295E-012  ,    1.4944392026894607E-008  ,    1.4944392026894607E-008  ,    1.4944392026894607E-008  ,    1.4944392026894607E-008  ,    1.4944392026894607E-008  ,    1.4944392026894607E-008  ,    1.4944392026894607E-008  ,    1.4944392026894607E-008  ,    1.4944392026894607E-008  ,    1.4944392026894607E-008  ,    1.4944392026894607E-008  ,    1.4944392026894607E-008  ,    1.4944392026894607E-008  ,    1.4944392026894607E-008  ,    1.4944392026894607E-008  ,    1.4944392026894607E-008  ,    1.4944392026894607E-008  ,    1.4944392026894607E-008  ,    1.4944392026894607E-008  ,    0.0000000000000000       , 
   50.000000000000000       ,    2.8289659468680668E-016  ,    2.8289659468680668E-016  ,    0.0000000000000000       ,    1.9711305939233158E-012  ,    1.9711305939233158E-012  ,    1.9711305939233158E-012  ,    1.9711305939233158E-012  ,    1.9711305939233158E-012  ,    1.9711305939233158E-012  ,    1.9711305939233158E-012  ,    1.9711305939233158E-012  ,    1.4959070274273124E-008  ,    1.4959070274273124E-008  ,    1.4959070274273124E-008  ,    1.4959070274273124E-008  ,    1.4959070274273124E-008  ,    1.4959070274273124E-008  ,    1.4959070274273124E-008  ,    1.4959070274273124E-008  ,    1.4959070274273124E-008  ,    1.4959070274273124E-008  ,    1.4959070274273124E-008  ,    1.4959070274273124E-008  ,    1.4959070274273124E-008  ,    1.4959070274273124E-008  ,    1.4959070274273124E-008  ,    1.4959070274273124E-008  ,    1.4959070274273124E-008  ,    1.4959070274273124E-008  ,    1.4959070274273124E-008  ,    0.0000000000000000       , 
   51.000000000000000       ,    2.8322549302514701E-016  ,    2.8322549302514701E-016  ,    0.0000000000000000       ,    1.9733677858176403E-012  ,    1.9733677858176403E-012  ,    1.9733677858176403E-012  ,    1.9733677858176403E-012  ,    1.9733677858176403E-012  ,    1.9733677858176403E-012  ,    1.9733677858176403E-012  ,    1.9733677858176403E-012  ,    1.4973197667413262E-008  ,    1.4973197667413262E-008  ,    1.4973197667413262E-008  ,    1.4973197667413262E-008  ,    1.4973197667413262E-008  ,    1.4973197667413262E-008  ,    1.4973197667413262E-008  ,    1.4973197667413262E-008  ,    1.4973197667413262E-008  ,    1.4973197667413262E-008  ,    1.4973197667413262E-008  ,    1.4973197667413262E-008  ,    1.4973197667413262E-008  ,    1.4973197667413262E-008  ,    1.4973197667413262E-008  ,    1.4973197667413262E-008  ,    1.4973197667413262E-008  ,    1.4973197667413262E-008  ,    1.4973197667413262E-008  ,    0.0000000000000000       , 
   52.000000000000000       ,    2.8354222745157993E-016  ,    2.8354222745157993E-016  ,    0.0000000000000000       ,    1.9755222847968733E-012  ,    1.9755222847968733E-012  ,    1.9755222847968733E-012  ,    1.9755222847968733E-012  ,    1.9755222847968733E-012  ,    1.9755222847968733E-012  ,    1.9755222847968733E-012  ,    1.9755222847968733E-012  ,    1.4986804649785924E-008  ,    1.4986804649785924E-008  ,    1.4986804649785924E-008  ,    1.4986804649785924E-008  ,    1.4986804649785924E-008  ,    1.4986804649785924E-008  ,    1.4986804649785924E-008  ,    1.4986804649785924E-008  ,    1.4986804649785924E-008  ,    1.4986804649785924E-008  ,    1.4986804649785924E-008  ,    1.4986804649785924E-008  ,    1.4986804649785924E-008  ,    1.4986804649785924E-008  ,    1.4986804649785924E-008  ,    1.4986804649785924E-008  ,    1.4986804649785924E-008  ,    1.4986804649785924E-008  ,    1.4986804649785924E-008  ,    0.0000000000000000       , 
   53.000000000000000       ,    2.8384746030547089E-016  ,    2.8384746030547089E-016  ,    0.0000000000000000       ,    1.9775985940140929E-012  ,    1.9775985940140929E-012  ,    1.9775985940140929E-012  ,    1.9775985940140929E-012  ,    1.9775985940140929E-012  ,    1.9775985940140929E-012  ,    1.9775985940140929E-012  ,    1.9775985940140929E-012  ,    1.4999919461748916E-008  ,    1.4999919461748916E-008  ,    1.4999919461748916E-008  ,    1.4999919461748916E-008  ,    1.4999919461748916E-008  ,    1.4999919461748916E-008  ,    1.4999919461748916E-008  ,    1.4999919461748916E-008  ,    1.4999919461748916E-008  ,    1.4999919461748916E-008  ,    1.4999919461748916E-008  ,    1.4999919461748916E-008  ,    1.4999919461748916E-008  ,    1.4999919461748916E-008  ,    1.4999919461748916E-008  ,    1.4999919461748916E-008  ,    1.4999919461748916E-008  ,    1.4999919461748916E-008  ,    1.4999919461748916E-008  ,    0.0000000000000000       , 
   54.000000000000000       ,    2.8414180671143762E-016  ,    2.8414180671143762E-016  ,    0.0000000000000000       ,    1.9796008954944715E-012  ,    1.9796008954944715E-012  ,    1.9796008954944715E-012  ,    1.9796008954944715E-012  ,    1.9796008954944715E-012  ,    1.9796008954944715E-012  ,    1.9796008954944715E-012  ,    1.9796008954944715E-012  ,    1.5012568336334117E-008  ,    1.5012568336334117E-008  ,    1.5012568336334117E-008  ,    1.5012568336334117E-008  ,    1.5012568336334117E-008  ,    1.5012568336334117E-008  ,    1.5012568336334117E-008  ,    1.5012568336334117E-008  ,    1.5012568336334117E-008  ,    1.5012568336334117E-008  ,    1.5012568336334117E-008  ,    1.5012568336334117E-008  ,    1.5012568336334117E-008  ,    1.5012568336334117E-008  ,    1.5012568336334117E-008  ,    1.5012568336334117E-008  ,    1.5012568336334117E-008  ,    1.5012568336334117E-008  ,    1.5012568336334117E-008  ,    0.0000000000000000       , 
   55.000000000000000       ,    2.8442583871150199E-016  ,    2.8442583871150199E-016  ,    0.0000000000000000       ,    1.9815330782554163E-012  ,    1.9815330782554163E-012  ,    1.9815330782554163E-012  ,    1.9815330782554163E-012  ,    1.9815330782554163E-012  ,    1.9815330782554163E-012  ,    1.9815330782554163E-012  ,    1.9815330782554163E-012  ,    1.5024775674508961E-008  ,    1.5024775674508961E-008  ,    1.5024775674508961E-008  ,    1.5024775674508961E-008  ,    1.5024775674508961E-008  ,    1.5024775674508961E-008  ,    1.5024775674508961E-008  ,    1.5024775674508961E-008  ,    1.5024775674508961E-008  ,    1.5024775674508961E-008  ,    1.5024775674508961E-008  ,    1.5024775674508961E-008  ,    1.5024775674508961E-008  ,    1.5024775674508961E-008  ,    1.5024775674508961E-008  ,    1.5024775674508961E-008  ,    1.5024775674508961E-008  ,    1.5024775674508961E-008  ,    1.5024775674508961E-008  ,    0.0000000000000000       , 
   56.000000000000000       ,    2.8470008897089393E-016  ,    2.8470008897089393E-016  ,    0.0000000000000000       ,    1.9833987635222069E-012  ,    1.9833987635222069E-012  ,    1.9833987635222069E-012  ,    1.9833987635222069E-012  ,    1.9833987635222069E-012  ,    1.9833987635222069E-012  ,    1.9833987635222069E-012  ,    1.9833987635222069E-012  ,    1.5036564202390609E-008  ,    1.5036564202390609E-008  ,    1.5036564202390609E-008  ,    1.5036564202390609E-008  ,    1.5036564202390609E-008  ,    1.5036564202390609E-008  ,    1.5036564202390609E-008  ,    1.5036564202390609E-008  ,    1.5036564202390609E-008  ,    1.5036564202390609E-008  ,    1.5036564202390609E-008  ,    1.5036564202390609E-008  ,    1.5036564202390609E-008  ,    1.5036564202390609E-008  ,    1.5036564202390609E-008  ,    1.5036564202390609E-008  ,    1.5036564202390609E-008  ,    1.5036564202390609E-008  ,    1.5036564202390609E-008  ,    0.0000000000000000       , 
   57.000000000000000       ,    2.8496505410790469E-016  ,    2.8496505410790469E-016  ,    0.0000000000000000       ,    1.9852013273856410E-012  ,    1.9852013273856410E-012  ,    1.9852013273856410E-012  ,    1.9852013273856410E-012  ,    1.9852013273856410E-012  ,    1.9852013273856410E-012  ,    1.9852013273856410E-012  ,    1.9852013273856410E-012  ,    1.5047955112541753E-008  ,    1.5047955112541753E-008  ,    1.5047955112541753E-008  ,    1.5047955112541753E-008  ,    1.5047955112541753E-008  ,    1.5047955112541753E-008  ,    1.5047955112541753E-008  ,    1.5047955112541753E-008  ,    1.5047955112541753E-008  ,    1.5047955112541753E-008  ,    1.5047955112541753E-008  ,    1.5047955112541753E-008  ,    1.5047955112541753E-008  ,    1.5047955112541753E-008  ,    1.5047955112541753E-008  ,    1.5047955112541753E-008  ,    1.5047955112541753E-008  ,    1.5047955112541753E-008  ,    1.5047955112541753E-008  ,    0.0000000000000000       , 
   58.000000000000000       ,    2.8522119769157015E-016  ,    2.8522119769157015E-016  ,    0.0000000000000000       ,    1.9869439211962429E-012  ,    1.9869439211962429E-012  ,    1.9869439211962429E-012  ,    1.9869439211962429E-012  ,    1.9869439211962429E-012  ,    1.9869439211962429E-012  ,    1.9869439211962429E-012  ,    1.9869439211962429E-012  ,    1.5058968191199204E-008  ,    1.5058968191199204E-008  ,    1.5058968191199204E-008  ,    1.5058968191199204E-008  ,    1.5058968191199204E-008  ,    1.5058968191199204E-008  ,    1.5058968191199204E-008  ,    1.5058968191199204E-008  ,    1.5058968191199204E-008  ,    1.5058968191199204E-008  ,    1.5058968191199204E-008  ,    1.5058968191199204E-008  ,    1.5058968191199204E-008  ,    1.5058968191199204E-008  ,    1.5058968191199204E-008  ,    1.5058968191199204E-008  ,    1.5058968191199204E-008  ,    1.5058968191199204E-008  ,    1.5058968191199204E-008  ,    0.0000000000000000       , 
   59.000000000000000       ,    2.8546895294515970E-016  ,    2.8546895294515970E-016  ,    0.0000000000000000       ,    1.9886294899574929E-012  ,    1.9886294899574929E-012  ,    1.9886294899574929E-012  ,    1.9886294899574929E-012  ,    1.9886294899574929E-012  ,    1.9886294899574929E-012  ,    1.9886294899574929E-012  ,    1.9886294899574929E-012  ,    1.5069621933036650E-008  ,    1.5069621933036650E-008  ,    1.5069621933036650E-008  ,    1.5069621933036650E-008  ,    1.5069621933036650E-008  ,    1.5069621933036650E-008  ,    1.5069621933036650E-008  ,    1.5069621933036650E-008  ,    1.5069621933036650E-008  ,    1.5069621933036650E-008  ,    1.5069621933036650E-008  ,    1.5069621933036650E-008  ,    1.5069621933036650E-008  ,    1.5069621933036650E-008  ,    1.5069621933036650E-008  ,    1.5069621933036650E-008  ,    1.5069621933036650E-008  ,    1.5069621933036650E-008  ,    1.5069621933036650E-008  ,    0.0000000000000000       , 
   60.000000000000000       ,    2.8570872518868507E-016  ,    2.8570872518868507E-016  ,    0.0000000000000000       ,    1.9902607889411814E-012  ,    1.9902607889411814E-012  ,    1.9902607889411814E-012  ,    1.9902607889411814E-012  ,    1.9902607889411814E-012  ,    1.9902607889411814E-012  ,    1.9902607889411814E-012  ,    1.9902607889411814E-012  ,    1.5079933644874057E-008  ,    1.5079933644874057E-008  ,    1.5079933644874057E-008  ,    1.5079933644874057E-008  ,    1.5079933644874057E-008  ,    1.5079933644874057E-008  ,    1.5079933644874057E-008  ,    1.5079933644874057E-008  ,    1.5079933644874057E-008  ,    1.5079933644874057E-008  ,    1.5079933644874057E-008  ,    1.5079933644874057E-008  ,    1.5079933644874057E-008  ,    1.5079933644874057E-008  ,    1.5079933644874057E-008  ,    1.5079933644874057E-008  ,    1.5079933644874057E-008  ,    1.5079933644874057E-008  ,    1.5079933644874057E-008  ,    0.0000000000000000       , 
   61.000000000000000       ,    2.8594089404920030E-016  ,    2.8594089404920030E-016  ,    0.0000000000000000       ,    1.9918403987233113E-012  ,    1.9918403987233113E-012  ,    1.9918403987233113E-012  ,    1.9918403987233113E-012  ,    1.9918403987233113E-012  ,    1.9918403987233113E-012  ,    1.9918403987233113E-012  ,    1.9918403987233113E-012  ,    1.5089919539545468E-008  ,    1.5089919539545468E-008  ,    1.5089919539545468E-008  ,    1.5089919539545468E-008  ,    1.5089919539545468E-008  ,    1.5089919539545468E-008  ,    1.5089919539545468E-008  ,    1.5089919539545468E-008  ,    1.5089919539545468E-008  ,    1.5089919539545468E-008  ,    1.5089919539545468E-008  ,    1.5089919539545468E-008  ,    1.5089919539545468E-008  ,    1.5089919539545468E-008  ,    1.5089919539545468E-008  ,    1.5089919539545468E-008  ,    1.5089919539545468E-008  ,    1.5089919539545468E-008  ,    1.5089919539545468E-008  ,    0.0000000000000000       , 
   62.000000000000000       ,    2.8616581546441705E-016  ,    2.8616581546441705E-016  ,    0.0000000000000000       ,    1.9933707388125240E-012  ,    1.9933707388125240E-012  ,    1.9933707388125240E-012  ,    1.9933707388125240E-012  ,    1.9933707388125240E-012  ,    1.9933707388125240E-012  ,    1.9933707388125240E-012  ,    1.9933707388125240E-012  ,    1.5099594821006321E-008  ,    1.5099594821006321E-008  ,    1.5099594821006321E-008  ,    1.5099594821006321E-008  ,    1.5099594821006321E-008  ,    1.5099594821006321E-008  ,    1.5099594821006321E-008  ,    1.5099594821006321E-008  ,    1.5099594821006321E-008  ,    1.5099594821006321E-008  ,    1.5099594821006321E-008  ,    1.5099594821006321E-008  ,    1.5099594821006321E-008  ,    1.5099594821006321E-008  ,    1.5099594821006321E-008  ,    1.5099594821006321E-008  ,    1.5099594821006321E-008  ,    1.5099594821006321E-008  ,    1.5099594821006321E-008  ,    0.0000000000000000       , 
   63.000000000000000       ,    2.8638382350167288E-016  ,    2.8638382350167288E-016  ,    0.0000000000000000       ,    1.9948540800224885E-012  ,    1.9948540800224885E-012  ,    1.9948540800224885E-012  ,    1.9948540800224885E-012  ,    1.9948540800224885E-012  ,    1.9948540800224885E-012  ,    1.9948540800224885E-012  ,    1.9948540800224885E-012  ,    1.5108973761616085E-008  ,    1.5108973761616085E-008  ,    1.5108973761616085E-008  ,    1.5108973761616085E-008  ,    1.5108973761616085E-008  ,    1.5108973761616085E-008  ,    1.5108973761616085E-008  ,    1.5108973761616085E-008  ,    1.5108973761616085E-008  ,    1.5108973761616085E-008  ,    1.5108973761616085E-008  ,    1.5108973761616085E-008  ,    1.5108973761616085E-008  ,    1.5108973761616085E-008  ,    1.5108973761616085E-008  ,    1.5108973761616085E-008  ,    1.5108973761616085E-008  ,    1.5108973761616085E-008  ,    1.5108973761616085E-008  ,    0.0000000000000000       , 
   64.000000000000000       ,    2.8659523201197276E-016  ,    2.8659523201197276E-016  ,    0.0000000000000000       ,    1.9962925557210445E-012  ,    1.9962925557210445E-012  ,    1.9962925557210445E-012  ,    1.9962925557210445E-012  ,    1.9962925557210445E-012  ,    1.9962925557210445E-012  ,    1.9962925557210445E-012  ,    1.9962925557210445E-012  ,    1.5118069772419783E-008  ,    1.5118069772419783E-008  ,    1.5118069772419783E-008  ,    1.5118069772419783E-008  ,    1.5118069772419783E-008  ,    1.5118069772419783E-008  ,    1.5118069772419783E-008  ,    1.5118069772419783E-008  ,    1.5118069772419783E-008  ,    1.5118069772419783E-008  ,    1.5118069772419783E-008  ,    1.5118069772419783E-008  ,    1.5118069772419783E-008  ,    1.5118069772419783E-008  ,    1.5118069772419783E-008  ,    1.5118069772419783E-008  ,    1.5118069772419783E-008  ,    1.5118069772419783E-008  ,    1.5118069772419783E-008  ,    0.0000000000000000       , 
   65.000000000000000       ,    2.8680033613601200E-016  ,    2.8680033613601200E-016  ,    0.0000000000000000       ,    1.9976881720741151E-012  ,    1.9976881720741151E-012  ,    1.9976881720741151E-012  ,    1.9976881720741151E-012  ,    1.9976881720741151E-012  ,    1.9976881720741151E-012  ,    1.9976881720741151E-012  ,    1.9976881720741151E-012  ,    1.5126895467165862E-008  ,    1.5126895467165862E-008  ,    1.5126895467165862E-008  ,    1.5126895467165862E-008  ,    1.5126895467165862E-008  ,    1.5126895467165862E-008  ,    1.5126895467165862E-008  ,    1.5126895467165862E-008  ,    1.5126895467165862E-008  ,    1.5126895467165862E-008  ,    1.5126895467165862E-008  ,    1.5126895467165862E-008  ,    1.5126895467165862E-008  ,    1.5126895467165862E-008  ,    1.5126895467165862E-008  ,    1.5126895467165862E-008  ,    1.5126895467165862E-008  ,    1.5126895467165862E-008  ,    1.5126895467165862E-008  ,    0.0000000000000000       , 
   66.000000000000000       ,    2.8699941367780240E-016  ,    2.8699941367780240E-016  ,    0.0000000000000000       ,    1.9990428173858707E-012  ,    1.9990428173858707E-012  ,    1.9990428173858707E-012  ,    1.9990428173858707E-012  ,    1.9990428173858707E-012  ,    1.9990428173858707E-012  ,    1.9990428173858707E-012  ,    1.9990428173858707E-012  ,    1.5135462720694325E-008  ,    1.5135462720694325E-008  ,    1.5135462720694325E-008  ,    1.5135462720694325E-008  ,    1.5135462720694325E-008  ,    1.5135462720694325E-008  ,    1.5135462720694325E-008  ,    1.5135462720694325E-008  ,    1.5135462720694325E-008  ,    1.5135462720694325E-008  ,    1.5135462720694325E-008  ,    1.5135462720694325E-008  ,    1.5135462720694325E-008  ,    1.5135462720694325E-008  ,    1.5135462720694325E-008  ,    1.5135462720694325E-008  ,    1.5135462720694325E-008  ,    1.5135462720694325E-008  ,    1.5135462720694325E-008  ,    0.0000000000000000       , 
   67.000000000000000       ,    2.8719272635887133E-016  ,    2.8719272635887133E-016  ,    0.0000000000000000       ,    2.0003582706291748E-012  ,    2.0003582706291748E-012  ,    2.0003582706291748E-012  ,    2.0003582706291748E-012  ,    2.0003582706291748E-012  ,    2.0003582706291748E-012  ,    2.0003582706291748E-012  ,    2.0003582706291748E-012  ,    1.5143782722266149E-008  ,    1.5143782722266149E-008  ,    1.5143782722266149E-008  ,    1.5143782722266149E-008  ,    1.5143782722266149E-008  ,    1.5143782722266149E-008  ,    1.5143782722266149E-008  ,    1.5143782722266149E-008  ,    1.5143782722266149E-008  ,    1.5143782722266149E-008  ,    1.5143782722266149E-008  ,    1.5143782722266149E-008  ,    1.5143782722266149E-008  ,    1.5143782722266149E-008  ,    1.5143782722266149E-008  ,    1.5143782722266149E-008  ,    1.5143782722266149E-008  ,    1.5143782722266149E-008  ,    1.5143782722266149E-008  ,    0.0000000000000000       , 
   68.000000000000000       ,    2.8738052096525893E-016  ,    2.8738052096525893E-016  ,    0.0000000000000000       ,    2.0016362092445008E-012  ,    2.0016362092445008E-012  ,    2.0016362092445008E-012  ,    2.0016362092445008E-012  ,    2.0016362092445008E-012  ,    2.0016362092445008E-012  ,    2.0016362092445008E-012  ,    2.0016362092445008E-012  ,    1.5151866024343329E-008  ,    1.5151866024343329E-008  ,    1.5151866024343329E-008  ,    1.5151866024343329E-008  ,    1.5151866024343329E-008  ,    1.5151866024343329E-008  ,    1.5151866024343329E-008  ,    1.5151866024343329E-008  ,    1.5151866024343329E-008  ,    1.5151866024343329E-008  ,    1.5151866024343329E-008  ,    1.5151866024343329E-008  ,    1.5151866024343329E-008  ,    1.5151866024343329E-008  ,    1.5151866024343329E-008  ,    1.5151866024343329E-008  ,    1.5151866024343329E-008  ,    1.5151866024343329E-008  ,    1.5151866024343329E-008  ,    0.0000000000000000       , 
   69.000000000000000       ,    2.8756303039770213E-016  ,    2.8756303039770213E-016  ,    0.0000000000000000       ,    2.0028782162820800E-012  ,    2.0028782162820800E-012  ,    2.0028782162820800E-012  ,    2.0028782162820800E-012  ,    2.0028782162820800E-012  ,    2.0028782162820800E-012  ,    2.0028782162820800E-012  ,    2.0028782162820800E-012  ,    1.5159722587257586E-008  ,    1.5159722587257586E-008  ,    1.5159722587257586E-008  ,    1.5159722587257586E-008  ,    1.5159722587257586E-008  ,    1.5159722587257586E-008  ,    1.5159722587257586E-008  ,    1.5159722587257586E-008  ,    1.5159722587257586E-008  ,    1.5159722587257586E-008  ,    1.5159722587257586E-008  ,    1.5159722587257586E-008  ,    1.5159722587257586E-008  ,    1.5159722587257586E-008  ,    1.5159722587257586E-008  ,    1.5159722587257586E-008  ,    1.5159722587257586E-008  ,    1.5159722587257586E-008  ,    1.5159722587257586E-008  ,    0.0000000000000000       , 
   70.000000000000000       ,    2.8774047463446378E-016  ,    2.8774047463446378E-016  ,    0.0000000000000000       ,    2.0040857869482974E-012  ,    2.0040857869482974E-012  ,    2.0040857869482974E-012  ,    2.0040857869482974E-012  ,    2.0040857869482974E-012  ,    2.0040857869482974E-012  ,    2.0040857869482974E-012  ,    2.0040857869482974E-012  ,    1.5167361820173323E-008  ,    1.5167361820173323E-008  ,    1.5167361820173323E-008  ,    1.5167361820173323E-008  ,    1.5167361820173323E-008  ,    1.5167361820173323E-008  ,    1.5167361820173323E-008  ,    1.5167361820173323E-008  ,    1.5167361820173323E-008  ,    1.5167361820173323E-008  ,    1.5167361820173323E-008  ,    1.5167361820173323E-008  ,    1.5167361820173323E-008  ,    1.5167361820173323E-008  ,    1.5167361820173323E-008  ,    1.5167361820173323E-008  ,    1.5167361820173323E-008  ,    1.5167361820173323E-008  ,    1.5167361820173323E-008  ,    0.0000000000000000       , 
   71.000000000000000       ,    2.8791306161517995E-016  ,    2.8791306161517995E-016  ,    0.0000000000000000       ,    2.0052603346154323E-012  ,    2.0052603346154323E-012  ,    2.0052603346154323E-012  ,    2.0052603346154323E-012  ,    2.0052603346154323E-012  ,    2.0052603346154323E-012  ,    2.0052603346154323E-012  ,    2.0052603346154323E-012  ,    1.5174792618695657E-008  ,    1.5174792618695657E-008  ,    1.5174792618695657E-008  ,    1.5174792618695657E-008  ,    1.5174792618695657E-008  ,    1.5174792618695657E-008  ,    1.5174792618695657E-008  ,    1.5174792618695657E-008  ,    1.5174792618695657E-008  ,    1.5174792618695657E-008  ,    1.5174792618695657E-008  ,    1.5174792618695657E-008  ,    1.5174792618695657E-008  ,    1.5174792618695657E-008  ,    1.5174792618695657E-008  ,    1.5174792618695657E-008  ,    1.5174792618695657E-008  ,    1.5174792618695657E-008  ,    1.5174792618695657E-008  ,    0.0000000000000000       , 
   72.000000000000000       ,    2.8808098805312024E-016  ,    2.8808098805312024E-016  ,    0.0000000000000000       ,    2.0064031963447331E-012  ,    2.0064031963447331E-012  ,    2.0064031963447331E-012  ,    2.0064031963447331E-012  ,    2.0064031963447331E-012  ,    2.0064031963447331E-012  ,    2.0064031963447331E-012  ,    2.0064031963447331E-012  ,    1.5182023399439401E-008  ,    1.5182023399439401E-008  ,    1.5182023399439401E-008  ,    1.5182023399439401E-008  ,    1.5182023399439401E-008  ,    1.5182023399439401E-008  ,    1.5182023399439401E-008  ,    1.5182023399439401E-008  ,    1.5182023399439401E-008  ,    1.5182023399439401E-008  ,    1.5182023399439401E-008  ,    1.5182023399439401E-008  ,    1.5182023399439401E-008  ,    1.5182023399439401E-008  ,    1.5182023399439401E-008  ,    1.5182023399439401E-008  ,    1.5182023399439401E-008  ,    1.5182023399439401E-008  ,    1.5182023399439401E-008  ,    0.0000000000000000       , 
   73.000000000000000       ,    2.8824444018264404E-016  ,    2.8824444018264404E-016  ,    0.0000000000000000       ,    2.0075156379680916E-012  ,    2.0075156379680916E-012  ,    2.0075156379680916E-012  ,    2.0075156379680916E-012  ,    2.0075156379680916E-012  ,    2.0075156379680916E-012  ,    2.0075156379680916E-012  ,    2.0075156379680916E-012  ,    1.5189062131844418E-008  ,    1.5189062131844418E-008  ,    1.5189062131844418E-008  ,    1.5189062131844418E-008  ,    1.5189062131844418E-008  ,    1.5189062131844418E-008  ,    1.5189062131844418E-008  ,    1.5189062131844418E-008  ,    1.5189062131844418E-008  ,    1.5189062131844418E-008  ,    1.5189062131844418E-008  ,    1.5189062131844418E-008  ,    1.5189062131844418E-008  ,    1.5189062131844418E-008  ,    1.5189062131844418E-008  ,    1.5189062131844418E-008  ,    1.5189062131844418E-008  ,    1.5189062131844418E-008  ,    1.5189062131844418E-008  ,    0.0000000000000000       , 
   74.000000000000000       ,    2.8840359444757876E-016  ,    2.8840359444757876E-016  ,    0.0000000000000000       ,    2.0085988587688139E-012  ,    2.0085988587688139E-012  ,    2.0085988587688139E-012  ,    2.0085988587688139E-012  ,    2.0085988587688139E-012  ,    2.0085988587688139E-012  ,    2.0085988587688139E-012  ,    2.0085988587688139E-012  ,    1.5195916367485640E-008  ,    1.5195916367485640E-008  ,    1.5195916367485640E-008  ,    1.5195916367485640E-008  ,    1.5195916367485640E-008  ,    1.5195916367485640E-008  ,    1.5195916367485640E-008  ,    1.5195916367485640E-008  ,    1.5195916367485640E-008  ,    1.5195916367485640E-008  ,    1.5195916367485640E-008  ,    1.5195916367485640E-008  ,    1.5195916367485640E-008  ,    1.5195916367485640E-008  ,    1.5195916367485640E-008  ,    1.5195916367485640E-008  ,    1.5195916367485640E-008  ,    1.5195916367485640E-008  ,    1.5195916367485640E-008  ,    0.0000000000000000       , 
   75.000000000000000       ,    2.8855861813622751E-016  ,    2.8855861813622751E-016  ,    0.0000000000000000       ,    2.0096539957980096E-012  ,    2.0096539957980096E-012  ,    2.0096539957980096E-012  ,    2.0096539957980096E-012  ,    2.0096539957980096E-012  ,    2.0096539957980096E-012  ,    2.0096539957980096E-012  ,    2.0096539957980096E-012  ,    1.5202593267109001E-008  ,    1.5202593267109001E-008  ,    1.5202593267109001E-008  ,    1.5202593267109001E-008  ,    1.5202593267109001E-008  ,    1.5202593267109001E-008  ,    1.5202593267109001E-008  ,    1.5202593267109001E-008  ,    1.5202593267109001E-008  ,    1.5202593267109001E-008  ,    1.5202593267109001E-008  ,    1.5202593267109001E-008  ,    1.5202593267109001E-008  ,    1.5202593267109001E-008  ,    1.5202593267109001E-008  ,    1.5202593267109001E-008  ,    1.5202593267109001E-008  ,    1.5202593267109001E-008  ,    1.5202593267109001E-008  ,    0.0000000000000000       , 
   76.000000000000000       ,    2.8870966996746858E-016  ,    2.8870966996746858E-016  ,    0.0000000000000000       ,    2.0106821278602735E-012  ,    2.0106821278602735E-012  ,    2.0106821278602735E-012  ,    2.0106821278602735E-012  ,    2.0106821278602735E-012  ,    2.0106821278602735E-012  ,    2.0106821278602735E-012  ,    2.0106821278602735E-012  ,    1.5209099625596283E-008  ,    1.5209099625596283E-008  ,    1.5209099625596283E-008  ,    1.5209099625596283E-008  ,    1.5209099625596283E-008  ,    1.5209099625596283E-008  ,    1.5209099625596283E-008  ,    1.5209099625596283E-008  ,    1.5209099625596283E-008  ,    1.5209099625596283E-008  ,    1.5209099625596283E-008  ,    1.5209099625596283E-008  ,    1.5209099625596283E-008  ,    1.5209099625596283E-008  ,    1.5209099625596283E-008  ,    1.5209099625596283E-008  ,    1.5209099625596283E-008  ,    1.5209099625596283E-008  ,    1.5209099625596283E-008  ,    0.0000000000000000       , 
   77.000000000000000       ,    2.8885690063249160E-016  ,    2.8885690063249160E-016  ,    0.0000000000000000       ,    2.0116842791952890E-012  ,    2.0116842791952890E-012  ,    2.0116842791952890E-012  ,    2.0116842791952890E-012  ,    2.0116842791952890E-012  ,    2.0116842791952890E-012  ,    2.0116842791952890E-012  ,    2.0116842791952890E-012  ,    1.5215441895036372E-008  ,    1.5215441895036372E-008  ,    1.5215441895036372E-008  ,    1.5215441895036372E-008  ,    1.5215441895036372E-008  ,    1.5215441895036372E-008  ,    1.5215441895036372E-008  ,    1.5215441895036372E-008  ,    1.5215441895036372E-008  ,    1.5215441895036372E-008  ,    1.5215441895036372E-008  ,    1.5215441895036372E-008  ,    1.5215441895036372E-008  ,    1.5215441895036372E-008  ,    1.5215441895036372E-008  ,    1.5215441895036372E-008  ,    1.5215441895036372E-008  ,    1.5215441895036372E-008  ,    1.5215441895036372E-008  ,    0.0000000000000000       , 
   78.000000000000000       ,    2.8900045329585019E-016  ,    2.8900045329585019E-016  ,    0.0000000000000000       ,    2.0126614228854954E-012  ,    2.0126614228854954E-012  ,    2.0126614228854954E-012  ,    2.0126614228854954E-012  ,    2.0126614228854954E-012  ,    2.0126614228854954E-012  ,    2.0126614228854954E-012  ,    2.0126614228854954E-012  ,    1.5221626206075674E-008  ,    1.5221626206075674E-008  ,    1.5221626206075674E-008  ,    1.5221626206075674E-008  ,    1.5221626206075674E-008  ,    1.5221626206075674E-008  ,    1.5221626206075674E-008  ,    1.5221626206075674E-008  ,    1.5221626206075674E-008  ,    1.5221626206075674E-008  ,    1.5221626206075674E-008  ,    1.5221626206075674E-008  ,    1.5221626206075674E-008  ,    1.5221626206075674E-008  ,    1.5221626206075674E-008  ,    1.5221626206075674E-008  ,    1.5221626206075674E-008  ,    1.5221626206075674E-008  ,    1.5221626206075674E-008  ,    0.0000000000000000       , 
   79.000000000000000       ,    2.8914046405956747E-016  ,    2.8914046405956747E-016  ,    0.0000000000000000       ,    2.0136144840101061E-012  ,    2.0136144840101061E-012  ,    2.0136144840101061E-012  ,    2.0136144840101061E-012  ,    2.0136144840101061E-012  ,    2.0136144840101061E-012  ,    2.0136144840101061E-012  ,    2.0136144840101061E-012  ,    1.5227658387691234E-008  ,    1.5227658387691234E-008  ,    1.5227658387691234E-008  ,    1.5227658387691234E-008  ,    1.5227658387691234E-008  ,    1.5227658387691234E-008  ,    1.5227658387691234E-008  ,    1.5227658387691234E-008  ,    1.5227658387691234E-008  ,    1.5227658387691234E-008  ,    1.5227658387691234E-008  ,    1.5227658387691234E-008  ,    1.5227658387691234E-008  ,    1.5227658387691234E-008  ,    1.5227658387691234E-008  ,    1.5227658387691234E-008  ,    1.5227658387691234E-008  ,    1.5227658387691234E-008  ,    1.5227658387691234E-008  ,    0.0000000000000000       , 
   80.000000000000000       ,    2.8927706239327434E-016  ,    2.8927706239327434E-016  ,    0.0000000000000000       ,    2.0145443425692993E-012  ,    2.0145443425692993E-012  ,    2.0145443425692993E-012  ,    2.0145443425692993E-012  ,    2.0145443425692993E-012  ,    2.0145443425692993E-012  ,    2.0145443425692993E-012  ,    2.0145443425692993E-012  ,    1.5233543985521404E-008  ,    1.5233543985521404E-008  ,    1.5233543985521404E-008  ,    1.5233543985521404E-008  ,    1.5233543985521404E-008  ,    1.5233543985521404E-008  ,    1.5233543985521404E-008  ,    1.5233543985521404E-008  ,    1.5233543985521404E-008  ,    1.5233543985521404E-008  ,    1.5233543985521404E-008  ,    1.5233543985521404E-008  ,    1.5233543985521404E-008  ,    1.5233543985521404E-008  ,    1.5233543985521404E-008  ,    1.5233543985521404E-008  ,    1.5233543985521404E-008  ,    1.5233543985521404E-008  ,    1.5233543985521404E-008  ,    0.0000000000000000       , 
   81.000000000000000       ,    2.8941037153327614E-016  ,    2.8941037153327614E-016  ,    0.0000000000000000       ,    2.0154518361973264E-012  ,    2.0154518361973264E-012  ,    2.0154518361973264E-012  ,    2.0154518361973264E-012  ,    2.0154518361973264E-012  ,    2.0154518361973264E-012  ,    2.0154518361973264E-012  ,    2.0154518361973264E-012  ,    1.5239288278878065E-008  ,    1.5239288278878065E-008  ,    1.5239288278878065E-008  ,    1.5239288278878065E-008  ,    1.5239288278878065E-008  ,    1.5239288278878065E-008  ,    1.5239288278878065E-008  ,    1.5239288278878065E-008  ,    1.5239288278878065E-008  ,    1.5239288278878065E-008  ,    1.5239288278878065E-008  ,    1.5239288278878065E-008  ,    1.5239288278878065E-008  ,    1.5239288278878065E-008  ,    1.5239288278878065E-008  ,    1.5239288278878065E-008  ,    1.5239288278878065E-008  ,    1.5239288278878065E-008  ,    1.5239288278878065E-008  ,    0.0000000000000000       , 
   82.000000000000000       ,    2.8954050885317963E-016  ,    2.8954050885317963E-016  ,    0.0000000000000000       ,    2.0163377626815163E-012  ,    2.0163377626815163E-012  ,    2.0163377626815163E-012  ,    2.0163377626815163E-012  ,    2.0163377626815163E-012  ,    2.0163377626815163E-012  ,    2.0163377626815163E-012  ,    2.0163377626815163E-012  ,    1.5244896296543275E-008  ,    1.5244896296543275E-008  ,    1.5244896296543275E-008  ,    1.5244896296543275E-008  ,    1.5244896296543275E-008  ,    1.5244896296543275E-008  ,    1.5244896296543275E-008  ,    1.5244896296543275E-008  ,    1.5244896296543275E-008  ,    1.5244896296543275E-008  ,    1.5244896296543275E-008  ,    1.5244896296543275E-008  ,    1.5244896296543275E-008  ,    1.5244896296543275E-008  ,    1.5244896296543275E-008  ,    1.5244896296543275E-008  ,    1.5244896296543275E-008  ,    1.5244896296543275E-008  ,    1.5244896296543275E-008  ,    0.0000000000000000       , 
   83.000000000000000       ,    2.8966758620837666E-016  ,    2.8966758620837666E-016  ,    0.0000000000000000       ,    2.0172028823043832E-012  ,    2.0172028823043832E-012  ,    2.0172028823043832E-012  ,    2.0172028823043832E-012  ,    2.0172028823043832E-012  ,    2.0172028823043832E-012  ,    2.0172028823043832E-012  ,    2.0172028823043832E-012  ,    1.5250372831458205E-008  ,    1.5250372831458205E-008  ,    1.5250372831458205E-008  ,    1.5250372831458205E-008  ,    1.5250372831458205E-008  ,    1.5250372831458205E-008  ,    1.5250372831458205E-008  ,    1.5250372831458205E-008  ,    1.5250372831458205E-008  ,    1.5250372831458205E-008  ,    1.5250372831458205E-008  ,    1.5250372831458205E-008  ,    1.5250372831458205E-008  ,    1.5250372831458205E-008  ,    1.5250372831458205E-008  ,    1.5250372831458205E-008  ,    1.5250372831458205E-008  ,    1.5250372831458205E-008  ,    1.5250372831458205E-008  ,    0.0000000000000000       , 
   84.000000000000000       ,    2.8979171025654137E-016  ,    2.8979171025654137E-016  ,    0.0000000000000000       ,    2.0180479200213989E-012  ,    2.0180479200213989E-012  ,    2.0180479200213989E-012  ,    2.0180479200213989E-012  ,    2.0180479200213989E-012  ,    2.0180479200213989E-012  ,    2.0180479200213989E-012  ,    2.0180479200213989E-012  ,    1.5255722454390846E-008  ,    1.5255722454390846E-008  ,    1.5255722454390846E-008  ,    1.5255722454390846E-008  ,    1.5255722454390846E-008  ,    1.5255722454390846E-008  ,    1.5255722454390846E-008  ,    1.5255722454390846E-008  ,    1.5255722454390846E-008  ,    1.5255722454390846E-008  ,    1.5255722454390846E-008  ,    1.5255722454390846E-008  ,    1.5255722454390846E-008  ,    1.5255722454390846E-008  ,    1.5255722454390846E-008  ,    1.5255722454390846E-008  ,    1.5255722454390846E-008  ,    1.5255722454390846E-008  ,    1.5255722454390846E-008  ,    0.0000000000000000       , 
   85.000000000000000       ,    2.8991298275602329E-016  ,    2.8991298275602329E-016  ,    0.0000000000000000       ,    2.0188735674901358E-012  ,    2.0188735674901358E-012  ,    2.0188735674901358E-012  ,    2.0188735674901358E-012  ,    2.0188735674901358E-012  ,    2.0188735674901358E-012  ,    2.0188735674901358E-012  ,    2.0188735674901358E-012  ,    1.5260949526661493E-008  ,    1.5260949526661493E-008  ,    1.5260949526661493E-008  ,    1.5260949526661493E-008  ,    1.5260949526661493E-008  ,    1.5260949526661493E-008  ,    1.5260949526661493E-008  ,    1.5260949526661493E-008  ,    1.5260949526661493E-008  ,    1.5260949526661493E-008  ,    1.5260949526661493E-008  ,    1.5260949526661493E-008  ,    1.5260949526661493E-008  ,    1.5260949526661493E-008  ,    1.5260949526661493E-008  ,    1.5260949526661493E-008  ,    1.5260949526661493E-008  ,    1.5260949526661493E-008  ,    1.5260949526661493E-008  ,    0.0000000000000000       , 
   86.000000000000000       ,    2.9003150084392638E-016  ,    2.9003150084392638E-016  ,    0.0000000000000000       ,    2.0196804849595914E-012  ,    2.0196804849595914E-012  ,    2.0196804849595914E-012  ,    2.0196804849595914E-012  ,    2.0196804849595914E-012  ,    2.0196804849595914E-012  ,    2.0196804849595914E-012  ,    2.0196804849595914E-012  ,    1.5266058212003881E-008  ,    1.5266058212003881E-008  ,    1.5266058212003881E-008  ,    1.5266058212003881E-008  ,    1.5266058212003881E-008  ,    1.5266058212003881E-008  ,    1.5266058212003881E-008  ,    1.5266058212003881E-008  ,    1.5266058212003881E-008  ,    1.5266058212003881E-008  ,    1.5266058212003881E-008  ,    1.5266058212003881E-008  ,    1.5266058212003881E-008  ,    1.5266058212003881E-008  ,    1.5266058212003881E-008  ,    1.5266058212003881E-008  ,    1.5266058212003881E-008  ,    1.5266058212003881E-008  ,    1.5266058212003881E-008  ,    0.0000000000000000       , 
   87.000000000000000       ,    2.9014735729549316E-016  ,    2.9014735729549316E-016  ,    0.0000000000000000       ,    2.0204693030340365E-012  ,    2.0204693030340365E-012  ,    2.0204693030340365E-012  ,    2.0204693030340365E-012  ,    2.0204693030340365E-012  ,    2.0204693030340365E-012  ,    2.0204693030340365E-012  ,    2.0204693030340365E-012  ,    1.5271052487632333E-008  ,    1.5271052487632333E-008  ,    1.5271052487632333E-008  ,    1.5271052487632333E-008  ,    1.5271052487632333E-008  ,    1.5271052487632333E-008  ,    1.5271052487632333E-008  ,    1.5271052487632333E-008  ,    1.5271052487632333E-008  ,    1.5271052487632333E-008  ,    1.5271052487632333E-008  ,    1.5271052487632333E-008  ,    1.5271052487632333E-008  ,    1.5271052487632333E-008  ,    1.5271052487632333E-008  ,    1.5271052487632333E-008  ,    1.5271052487632333E-008  ,    1.5271052487632333E-008  ,    1.5271052487632333E-008  ,    0.0000000000000000       , 
   88.000000000000000       ,    2.9026064076615980E-016  ,    2.9026064076615980E-016  ,    0.0000000000000000       ,    2.0212406243177225E-012  ,    2.0212406243177225E-012  ,    2.0212406243177225E-012  ,    2.0212406243177225E-012  ,    2.0212406243177225E-012  ,    2.0212406243177225E-012  ,    2.0212406243177225E-012  ,    2.0212406243177225E-012  ,    1.5275936154569266E-008  ,    1.5275936154569266E-008  ,    1.5275936154569266E-008  ,    1.5275936154569266E-008  ,    1.5275936154569266E-008  ,    1.5275936154569266E-008  ,    1.5275936154569266E-008  ,    1.5275936154569266E-008  ,    1.5275936154569266E-008  ,    1.5275936154569266E-008  ,    1.5275936154569266E-008  ,    1.5275936154569266E-008  ,    1.5275936154569266E-008  ,    1.5275936154569266E-008  ,    1.5275936154569266E-008  ,    1.5275936154569266E-008  ,    1.5275936154569266E-008  ,    1.5275936154569266E-008  ,    1.5275936154569266E-008  ,    0.0000000000000000       , 
   89.000000000000000       ,    2.9037143601773939E-016  ,    2.9037143601773939E-016  ,    0.0000000000000000       ,    2.0219950249520736E-012  ,    2.0219950249520736E-012  ,    2.0219950249520736E-012  ,    2.0219950249520736E-012  ,    2.0219950249520736E-012  ,    2.0219950249520736E-012  ,    2.0219950249520736E-012  ,    2.0219950249520736E-012  ,    1.5280712847295002E-008  ,    1.5280712847295002E-008  ,    1.5280712847295002E-008  ,    1.5280712847295002E-008  ,    1.5280712847295002E-008  ,    1.5280712847295002E-008  ,    1.5280712847295002E-008  ,    1.5280712847295002E-008  ,    1.5280712847295002E-008  ,    1.5280712847295002E-008  ,    1.5280712847295002E-008  ,    1.5280712847295002E-008  ,    1.5280712847295002E-008  ,    1.5280712847295002E-008  ,    1.5280712847295002E-008  ,    1.5280712847295002E-008  ,    1.5280712847295002E-008  ,    1.5280712847295002E-008  ,    1.5280712847295002E-008  ,    0.0000000000000000       , 
   90.000000000000000       ,    2.9047982412976895E-016  ,    2.9047982412976895E-016  ,    0.0000000000000000       ,    2.0227330560528561E-012  ,    2.0227330560528561E-012  ,    2.0227330560528561E-012  ,    2.0227330560528561E-012  ,    2.0227330560528561E-012  ,    2.0227330560528561E-012  ,    2.0227330560528561E-012  ,    2.0227330560528561E-012  ,    1.5285386042772469E-008  ,    1.5285386042772469E-008  ,    1.5285386042772469E-008  ,    1.5285386042772469E-008  ,    1.5285386042772469E-008  ,    1.5285386042772469E-008  ,    1.5285386042772469E-008  ,    1.5285386042772469E-008  ,    1.5285386042772469E-008  ,    1.5285386042772469E-008  ,    1.5285386042772469E-008  ,    1.5285386042772469E-008  ,    1.5285386042772469E-008  ,    1.5285386042772469E-008  ,    1.5285386042772469E-008  ,    1.5285386042772469E-008  ,    1.5285386042772469E-008  ,    1.5285386042772469E-008  ,    1.5285386042772469E-008  ,    0.0000000000000000       , 
   91.000000000000000       ,    2.9058588269738666E-016  ,    2.9058588269738666E-016  ,    0.0000000000000000       ,    2.0234552450543885E-012  ,    2.0234552450543885E-012  ,    2.0234552450543885E-012  ,    2.0234552450543885E-012  ,    2.0234552450543885E-012  ,    2.0234552450543885E-012  ,    2.0234552450543885E-012  ,    2.0234552450543885E-012  ,    1.5289959068889574E-008  ,    1.5289959068889574E-008  ,    1.5289959068889574E-008  ,    1.5289959068889574E-008  ,    1.5289959068889574E-008  ,    1.5289959068889574E-008  ,    1.5289959068889574E-008  ,    1.5289959068889574E-008  ,    1.5289959068889574E-008  ,    1.5289959068889574E-008  ,    1.5289959068889574E-008  ,    1.5289959068889574E-008  ,    1.5289959068889574E-008  ,    1.5289959068889574E-008  ,    1.5289959068889574E-008  ,    1.5289959068889574E-008  ,    1.5289959068889574E-008  ,    1.5289959068889574E-008  ,    1.5289959068889574E-008  ,    0.0000000000000000       , 
   92.000000000000000       ,    2.9068968601641045E-016  ,    2.9068968601641045E-016  ,    0.0000000000000000       ,    2.0241620969679393E-012  ,    2.0241620969679393E-012  ,    2.0241620969679393E-012  ,    2.0241620969679393E-012  ,    2.0241620969679393E-012  ,    2.0241620969679393E-012  ,    2.0241620969679393E-012  ,    2.0241620969679393E-012  ,    1.5294435112362836E-008  ,    1.5294435112362836E-008  ,    1.5294435112362836E-008  ,    1.5294435112362836E-008  ,    1.5294435112362836E-008  ,    1.5294435112362836E-008  ,    1.5294435112362836E-008  ,    1.5294435112362836E-008  ,    1.5294435112362836E-008  ,    1.5294435112362836E-008  ,    1.5294435112362836E-008  ,    1.5294435112362836E-008  ,    1.5294435112362836E-008  ,    1.5294435112362836E-008  ,    1.5294435112362836E-008  ,    1.5294435112362836E-008  ,    1.5294435112362836E-008  ,    1.5294435112362836E-008  ,    1.5294435112362836E-008  ,    0.0000000000000000       , 
   93.000000000000000       ,    2.9079130525688570E-016  ,    2.9079130525688570E-016  ,    0.0000000000000000       ,    2.0248540955611018E-012  ,    2.0248540955611018E-012  ,    2.0248540955611018E-012  ,    2.0248540955611018E-012  ,    2.0248540955611018E-012  ,    2.0248540955611018E-012  ,    2.0248540955611018E-012  ,    2.0248540955611018E-012  ,    1.5298817226146747E-008  ,    1.5298817226146747E-008  ,    1.5298817226146747E-008  ,    1.5298817226146747E-008  ,    1.5298817226146747E-008  ,    1.5298817226146747E-008  ,    1.5298817226146747E-008  ,    1.5298817226146747E-008  ,    1.5298817226146747E-008  ,    1.5298817226146747E-008  ,    1.5298817226146747E-008  ,    1.5298817226146747E-008  ,    1.5298817226146747E-008  ,    1.5298817226146747E-008  ,    1.5298817226146747E-008  ,    1.5298817226146747E-008  ,    1.5298817226146747E-008  ,    1.5298817226146747E-008  ,    1.5298817226146747E-008  ,    0.0000000000000000       , 
   94.000000000000000       ,    2.9089080862573911E-016  ,    2.9089080862573911E-016  ,    0.0000000000000000       ,    2.0255317044630331E-012  ,    2.0255317044630331E-012  ,    2.0255317044630331E-012  ,    2.0255317044630331E-012  ,    2.0255317044630331E-012  ,    2.0255317044630331E-012  ,    2.0255317044630331E-012  ,    2.0255317044630331E-012  ,    1.5303108336379097E-008  ,    1.5303108336379097E-008  ,    1.5303108336379097E-008  ,    1.5303108336379097E-008  ,    1.5303108336379097E-008  ,    1.5303108336379097E-008  ,    1.5303108336379097E-008  ,    1.5303108336379097E-008  ,    1.5303108336379097E-008  ,    1.5303108336379097E-008  ,    1.5303108336379097E-008  ,    1.5303108336379097E-008  ,    1.5303108336379097E-008  ,    1.5303108336379097E-008  ,    1.5303108336379097E-008  ,    1.5303108336379097E-008  ,    1.5303108336379097E-008  ,    1.5303108336379097E-008  ,    1.5303108336379097E-008  ,    0.0000000000000000       , 
   95.000000000000000       ,    2.9098826151938263E-016  ,    2.9098826151938263E-016  ,    0.0000000000000000       ,    2.0261953682019318E-012  ,    2.0261953682019318E-012  ,    2.0261953682019318E-012  ,    2.0261953682019318E-012  ,    2.0261953682019318E-012  ,    2.0261953682019318E-012  ,    2.0261953682019318E-012  ,    2.0261953682019318E-012  ,    1.5307311248897557E-008  ,    1.5307311248897557E-008  ,    1.5307311248897557E-008  ,    1.5307311248897557E-008  ,    1.5307311248897557E-008  ,    1.5307311248897557E-008  ,    1.5307311248897557E-008  ,    1.5307311248897557E-008  ,    1.5307311248897557E-008  ,    1.5307311248897557E-008  ,    1.5307311248897557E-008  ,    1.5307311248897557E-008  ,    1.5307311248897557E-008  ,    1.5307311248897557E-008  ,    1.5307311248897557E-008  ,    1.5307311248897557E-008  ,    1.5307311248897557E-008  ,    1.5307311248897557E-008  ,    1.5307311248897557E-008  ,    0.0000000000000000       , 
   96.000000000000000       ,    2.9108372666693099E-016  ,    2.9108372666693099E-016  ,    0.0000000000000000       ,    2.0268455131783586E-012  ,    2.0268455131783586E-012  ,    2.0268455131783586E-012  ,    2.0268455131783586E-012  ,    2.0268455131783586E-012  ,    2.0268455131783586E-012  ,    2.0268455131783586E-012  ,    2.0268455131783586E-012  ,    1.5311428655360120E-008  ,    1.5311428655360120E-008  ,    1.5311428655360120E-008  ,    1.5311428655360120E-008  ,    1.5311428655360120E-008  ,    1.5311428655360120E-008  ,    1.5311428655360120E-008  ,    1.5311428655360120E-008  ,    1.5311428655360120E-008  ,    1.5311428655360120E-008  ,    1.5311428655360120E-008  ,    1.5311428655360120E-008  ,    1.5311428655360120E-008  ,    1.5311428655360120E-008  ,    1.5311428655360120E-008  ,    1.5311428655360120E-008  ,    1.5311428655360120E-008  ,    1.5311428655360120E-008  ,    1.5311428655360120E-008  ,    0.0000000000000000       , 
   97.000000000000000       ,    2.9117726426491212E-016  ,    2.9117726426491212E-016  ,    0.0000000000000000       ,    2.0274825485806102E-012  ,    2.0274825485806102E-012  ,    2.0274825485806102E-012  ,    2.0274825485806102E-012  ,    2.0274825485806102E-012  ,    2.0274825485806102E-012  ,    2.0274825485806102E-012  ,    2.0274825485806102E-012  ,    1.5315463138996549E-008  ,    1.5315463138996549E-008  ,    1.5315463138996549E-008  ,    1.5315463138996549E-008  ,    1.5315463138996549E-008  ,    1.5315463138996549E-008  ,    1.5315463138996549E-008  ,    1.5315463138996549E-008  ,    1.5315463138996549E-008  ,    1.5315463138996549E-008  ,    1.5315463138996549E-008  ,    1.5315463138996549E-008  ,    1.5315463138996549E-008  ,    1.5315463138996549E-008  ,    1.5315463138996549E-008  ,    1.5315463138996549E-008  ,    1.5315463138996549E-008  ,    1.5315463138996549E-008  ,    1.5315463138996549E-008  ,    0.0000000000000000       , 
   98.000000000000000       ,    2.9126893210366567E-016  ,    2.9126893210366567E-016  ,    0.0000000000000000       ,    2.0281068672439965E-012  ,    2.0281068672439965E-012  ,    2.0281068672439965E-012  ,    2.0281068672439965E-012  ,    2.0281068672439965E-012  ,    2.0281068672439965E-012  ,    2.0281068672439965E-012  ,    2.0281068672439965E-012  ,    1.5319417180008627E-008  ,    1.5319417180008627E-008  ,    1.5319417180008627E-008  ,    1.5319417180008627E-008  ,    1.5319417180008627E-008  ,    1.5319417180008627E-008  ,    1.5319417180008627E-008  ,    1.5319417180008627E-008  ,    1.5319417180008627E-008  ,    1.5319417180008627E-008  ,    1.5319417180008627E-008  ,    1.5319417180008627E-008  ,    1.5319417180008627E-008  ,    1.5319417180008627E-008  ,    1.5319417180008627E-008  ,    1.5319417180008627E-008  ,    1.5319417180008627E-008  ,    1.5319417180008627E-008  ,    1.5319417180008627E-008  ,    0.0000000000000000       , 
   99.000000000000000       ,    2.9135878568648509E-016  ,    2.9135878568648509E-016  ,    0.0000000000000000       ,    2.0287188464601565E-012  ,    2.0287188464601565E-012  ,    2.0287188464601565E-012  ,    2.0287188464601565E-012  ,    2.0287188464601565E-012  ,    2.0287188464601565E-012  ,    2.0287188464601565E-012  ,    2.0287188464601565E-012  ,    1.5323293160664391E-008  ,    1.5323293160664391E-008  ,    1.5323293160664391E-008  ,    1.5323293160664391E-008  ,    1.5323293160664391E-008  ,    1.5323293160664391E-008  ,    1.5323293160664391E-008  ,    1.5323293160664391E-008  ,    1.5323293160664391E-008  ,    1.5323293160664391E-008  ,    1.5323293160664391E-008  ,    1.5323293160664391E-008  ,    1.5323293160664391E-008  ,    1.5323293160664391E-008  ,    1.5323293160664391E-008  ,    1.5323293160664391E-008  ,    1.5323293160664391E-008  ,    1.5323293160664391E-008  ,    1.5323293160664391E-008  ,    0.0000000000000000       , 
   100.00000000000000       ,    2.9144687834154962E-016  ,    2.9144687834154962E-016  ,    0.0000000000000000       ,    2.0293188487383757E-012  ,    2.0293188487383757E-012  ,    2.0293188487383757E-012  ,    2.0293188487383757E-012  ,    2.0293188487383757E-012  ,    2.0293188487383757E-012  ,    2.0293188487383757E-012  ,    2.0293188487383757E-012  ,    1.5327093370077849E-008  ,    1.5327093370077849E-008  ,    1.5327093370077849E-008  ,    1.5327093370077849E-008  ,    1.5327093370077849E-008  ,    1.5327093370077849E-008  ,    1.5327093370077849E-008  ,    1.5327093370077849E-008  ,    1.5327093370077849E-008  ,    1.5327093370077849E-008  ,    1.5327093370077849E-008  ,    1.5327093370077849E-008  ,    1.5327093370077849E-008  ,    1.5327093370077849E-008  ,    1.5327093370077849E-008  ,    1.5327093370077849E-008  ,    1.5327093370077849E-008  ,    1.5327093370077849E-008  ,    1.5327093370077849E-008  ,    0.0000000000000000       , 
